
*** Running vivado
    with args -log MemoryControllerWrapperTL.vds -m64 -product Vivado -mode batch -messageDb vivado.pb -notrace -source MemoryControllerWrapperTL.tcl


****** Vivado v2024.2 (64-bit)
  **** SW Build 5239630 on Fri Nov 08 22:34:34 MST 2024
  **** IP Build 5239520 on Sun Nov 10 16:12:51 MST 2024
  **** SharedData Build 5239561 on Fri Nov 08 14:39:27 MST 2024
  **** Start of session at: Mon Apr 27 10:54:31 2026
    ** Copyright 1986-2022 Xilinx, Inc. All Rights Reserved.
    ** Copyright 2022-2024 Advanced Micro Devices, Inc. All Rights Reserved.

source MemoryControllerWrapperTL.tcl -notrace
Command: read_checkpoint -auto_incremental -incremental /home/ian/amdFPGA/projects/secure_mem_riscv_ian/vivado_projects/fixed_encryption_tilelink/fixed_encryption_tilelink.srcs/utils_1/imports/synth_1/MemoryControllerWrapperTL.dcp
INFO: [Vivado 12-5825] Read reference checkpoint from /home/ian/amdFPGA/projects/secure_mem_riscv_ian/vivado_projects/fixed_encryption_tilelink/fixed_encryption_tilelink.srcs/utils_1/imports/synth_1/MemoryControllerWrapperTL.dcp for incremental synthesis
INFO: [Vivado 12-7989] Please ensure there are no constraint changes
Command: synth_design -top MemoryControllerWrapperTL -part xc7z020clg400-1
Starting synth_design
Attempting to get a license for feature 'Synthesis' and/or device 'xc7z020'
INFO: [Common 17-349] Got license for feature 'Synthesis' and/or device 'xc7z020'
INFO: [Designutils 20-5440] No compile time benefit to using incremental synthesis; A full resynthesis will be run
INFO: [Designutils 20-4379] Flow is switching to default flow due to incremental criteria not met. If you would like to alter this behaviour and have the flow terminate instead, please set the following parameter config_implementation {autoIncr.Synth.RejectBehavior Terminate}
INFO: [Synth 8-7079] Multithreading enabled for synth_design using a maximum of 7 processes.
INFO: [Synth 8-7078] Launching helper process for spawning children vivado processes
INFO: [Synth 8-7075] Helper process launched with PID 145248
---------------------------------------------------------------------------------
Starting Synthesize : Time (s): cpu = 00:00:03 ; elapsed = 00:00:03 . Memory (MB): peak = 1951.719 ; gain = 433.801 ; free physical = 44440 ; free virtual = 60066
---------------------------------------------------------------------------------
INFO: [Synth 8-6157] synthesizing module 'MemoryControllerWrapperTL' [/home/ian/amdFPGA/projects/secure_mem_riscv_ian/rtl/top/MemoryControllerWrapperTL.sv:10]
INFO: [Synth 8-6157] synthesizing module 'secure_memory_controller' [/home/ian/amdFPGA/projects/secure_mem_riscv_ian/rtl/memory-controller/secure_memory_controller.sv:5]
	Parameter ROCKETCfg[XLEN] bound to: 32'b00000000000000000000000001000000 
	Parameter ROCKETCfg[PLEN] bound to: 32'b00000000000000000000000000111000 
	Parameter ROCKETCfg[CACHELINE_WIDTH] bound to: 32'b00000000000000000000001000000000 
	Parameter ROCKETCfg[TL_DATA_WIDTH] bound to: 32'b00000000000000000000000001000000 
	Parameter ROCKETCfg[TL_SIZE_WIDTH] bound to: 32'b00000000000000000000000000000011 
	Parameter ROCKETCfg[TL_ADDRESS_WIDTH] bound to: 32'b00000000000000000000000000100010 
	Parameter ROCKETCfg[NrPMPEntries] bound to: 32'b00000000000000000000000000001000 
	Parameter ROCKETCfg[PMPCfgRstVal][63] bound to: 64'b0000000000000000000000000000000000000000000000000000000000000000 
	Parameter ROCKETCfg[PMPCfgRstVal][62] bound to: 64'b0000000000000000000000000000000000000000000000000000000000000000 
	Parameter ROCKETCfg[PMPCfgRstVal][61] bound to: 64'b0000000000000000000000000000000000000000000000000000000000000000 
	Parameter ROCKETCfg[PMPCfgRstVal][60] bound to: 64'b0000000000000000000000000000000000000000000000000000000000000000 
	Parameter ROCKETCfg[PMPCfgRstVal][59] bound to: 64'b0000000000000000000000000000000000000000000000000000000000000000 
	Parameter ROCKETCfg[PMPCfgRstVal][58] bound to: 64'b0000000000000000000000000000000000000000000000000000000000000000 
	Parameter ROCKETCfg[PMPCfgRstVal][57] bound to: 64'b0000000000000000000000000000000000000000000000000000000000000000 
	Parameter ROCKETCfg[PMPCfgRstVal][56] bound to: 64'b0000000000000000000000000000000000000000000000000000000000000000 
	Parameter ROCKETCfg[PMPCfgRstVal][55] bound to: 64'b0000000000000000000000000000000000000000000000000000000000000000 
	Parameter ROCKETCfg[PMPCfgRstVal][54] bound to: 64'b0000000000000000000000000000000000000000000000000000000000000000 
	Parameter ROCKETCfg[PMPCfgRstVal][53] bound to: 64'b0000000000000000000000000000000000000000000000000000000000000000 
	Parameter ROCKETCfg[PMPCfgRstVal][52] bound to: 64'b0000000000000000000000000000000000000000000000000000000000000000 
	Parameter ROCKETCfg[PMPCfgRstVal][51] bound to: 64'b0000000000000000000000000000000000000000000000000000000000000000 
	Parameter ROCKETCfg[PMPCfgRstVal][50] bound to: 64'b0000000000000000000000000000000000000000000000000000000000000000 
	Parameter ROCKETCfg[PMPCfgRstVal][49] bound to: 64'b0000000000000000000000000000000000000000000000000000000000000000 
	Parameter ROCKETCfg[PMPCfgRstVal][48] bound to: 64'b0000000000000000000000000000000000000000000000000000000000000000 
	Parameter ROCKETCfg[PMPCfgRstVal][47] bound to: 64'b0000000000000000000000000000000000000000000000000000000000000000 
	Parameter ROCKETCfg[PMPCfgRstVal][46] bound to: 64'b0000000000000000000000000000000000000000000000000000000000000000 
	Parameter ROCKETCfg[PMPCfgRstVal][45] bound to: 64'b0000000000000000000000000000000000000000000000000000000000000000 
	Parameter ROCKETCfg[PMPCfgRstVal][44] bound to: 64'b0000000000000000000000000000000000000000000000000000000000000000 
	Parameter ROCKETCfg[PMPCfgRstVal][43] bound to: 64'b0000000000000000000000000000000000000000000000000000000000000000 
	Parameter ROCKETCfg[PMPCfgRstVal][42] bound to: 64'b0000000000000000000000000000000000000000000000000000000000000000 
	Parameter ROCKETCfg[PMPCfgRstVal][41] bound to: 64'b0000000000000000000000000000000000000000000000000000000000000000 
	Parameter ROCKETCfg[PMPCfgRstVal][40] bound to: 64'b0000000000000000000000000000000000000000000000000000000000000000 
	Parameter ROCKETCfg[PMPCfgRstVal][39] bound to: 64'b0000000000000000000000000000000000000000000000000000000000000000 
	Parameter ROCKETCfg[PMPCfgRstVal][38] bound to: 64'b0000000000000000000000000000000000000000000000000000000000000000 
	Parameter ROCKETCfg[PMPCfgRstVal][37] bound to: 64'b0000000000000000000000000000000000000000000000000000000000000000 
	Parameter ROCKETCfg[PMPCfgRstVal][36] bound to: 64'b0000000000000000000000000000000000000000000000000000000000000000 
	Parameter ROCKETCfg[PMPCfgRstVal][35] bound to: 64'b0000000000000000000000000000000000000000000000000000000000000000 
	Parameter ROCKETCfg[PMPCfgRstVal][34] bound to: 64'b0000000000000000000000000000000000000000000000000000000000000000 
	Parameter ROCKETCfg[PMPCfgRstVal][33] bound to: 64'b0000000000000000000000000000000000000000000000000000000000000000 
	Parameter ROCKETCfg[PMPCfgRstVal][32] bound to: 64'b0000000000000000000000000000000000000000000000000000000000000000 
	Parameter ROCKETCfg[PMPCfgRstVal][31] bound to: 64'b0000000000000000000000000000000000000000000000000000000000000000 
	Parameter ROCKETCfg[PMPCfgRstVal][30] bound to: 64'b0000000000000000000000000000000000000000000000000000000000000000 
	Parameter ROCKETCfg[PMPCfgRstVal][29] bound to: 64'b0000000000000000000000000000000000000000000000000000000000000000 
	Parameter ROCKETCfg[PMPCfgRstVal][28] bound to: 64'b0000000000000000000000000000000000000000000000000000000000000000 
	Parameter ROCKETCfg[PMPCfgRstVal][27] bound to: 64'b0000000000000000000000000000000000000000000000000000000000000000 
	Parameter ROCKETCfg[PMPCfgRstVal][26] bound to: 64'b0000000000000000000000000000000000000000000000000000000000000000 
	Parameter ROCKETCfg[PMPCfgRstVal][25] bound to: 64'b0000000000000000000000000000000000000000000000000000000000000000 
	Parameter ROCKETCfg[PMPCfgRstVal][24] bound to: 64'b0000000000000000000000000000000000000000000000000000000000000000 
	Parameter ROCKETCfg[PMPCfgRstVal][23] bound to: 64'b0000000000000000000000000000000000000000000000000000000000000000 
	Parameter ROCKETCfg[PMPCfgRstVal][22] bound to: 64'b0000000000000000000000000000000000000000000000000000000000000000 
	Parameter ROCKETCfg[PMPCfgRstVal][21] bound to: 64'b0000000000000000000000000000000000000000000000000000000000000000 
	Parameter ROCKETCfg[PMPCfgRstVal][20] bound to: 64'b0000000000000000000000000000000000000000000000000000000000000000 
	Parameter ROCKETCfg[PMPCfgRstVal][19] bound to: 64'b0000000000000000000000000000000000000000000000000000000000000000 
	Parameter ROCKETCfg[PMPCfgRstVal][18] bound to: 64'b0000000000000000000000000000000000000000000000000000000000000000 
	Parameter ROCKETCfg[PMPCfgRstVal][17] bound to: 64'b0000000000000000000000000000000000000000000000000000000000000000 
	Parameter ROCKETCfg[PMPCfgRstVal][16] bound to: 64'b0000000000000000000000000000000000000000000000000000000000000000 
	Parameter ROCKETCfg[PMPCfgRstVal][15] bound to: 64'b0000000000000000000000000000000000000000000000000000000000000000 
	Parameter ROCKETCfg[PMPCfgRstVal][14] bound to: 64'b0000000000000000000000000000000000000000000000000000000000000000 
	Parameter ROCKETCfg[PMPCfgRstVal][13] bound to: 64'b0000000000000000000000000000000000000000000000000000000000000000 
	Parameter ROCKETCfg[PMPCfgRstVal][12] bound to: 64'b0000000000000000000000000000000000000000000000000000000000000000 
	Parameter ROCKETCfg[PMPCfgRstVal][11] bound to: 64'b0000000000000000000000000000000000000000000000000000000000000000 
	Parameter ROCKETCfg[PMPCfgRstVal][10] bound to: 64'b0000000000000000000000000000000000000000000000000000000000000000 
	Parameter ROCKETCfg[PMPCfgRstVal][9] bound to: 64'b0000000000000000000000000000000000000000000000000000000000000000 
	Parameter ROCKETCfg[PMPCfgRstVal][8] bound to: 64'b0000000000000000000000000000000000000000000000000000000000000000 
	Parameter ROCKETCfg[PMPCfgRstVal][7] bound to: 64'b0000000000000000000000000000000000000000000000000000000000000000 
	Parameter ROCKETCfg[PMPCfgRstVal][6] bound to: 64'b0000000000000000000000000000000000000000000000000000000000000000 
	Parameter ROCKETCfg[PMPCfgRstVal][5] bound to: 64'b0000000000000000000000000000000000000000000000000000000000000000 
	Parameter ROCKETCfg[PMPCfgRstVal][4] bound to: 64'b0000000000000000000000000000000000000000000000000000000000000000 
	Parameter ROCKETCfg[PMPCfgRstVal][3] bound to: 64'b0000000000000000000000000000000000000000000000000000000000000000 
	Parameter ROCKETCfg[PMPCfgRstVal][2] bound to: 64'b0000000000000000000000000000000000000000000000000000000000000000 
	Parameter ROCKETCfg[PMPCfgRstVal][1] bound to: 64'b0000000000000000000000000000000000000000000000000000000000000000 
	Parameter ROCKETCfg[PMPCfgRstVal][0] bound to: 64'b0000000000000000000000000000000000000000000000000000000000000000 
	Parameter ROCKETCfg[PMPAddrRstVal][63] bound to: 64'b0000000000000000000000000000000000000000000000000000000000000000 
	Parameter ROCKETCfg[PMPAddrRstVal][62] bound to: 64'b0000000000000000000000000000000000000000000000000000000000000000 
	Parameter ROCKETCfg[PMPAddrRstVal][61] bound to: 64'b0000000000000000000000000000000000000000000000000000000000000000 
	Parameter ROCKETCfg[PMPAddrRstVal][60] bound to: 64'b0000000000000000000000000000000000000000000000000000000000000000 
	Parameter ROCKETCfg[PMPAddrRstVal][59] bound to: 64'b0000000000000000000000000000000000000000000000000000000000000000 
	Parameter ROCKETCfg[PMPAddrRstVal][58] bound to: 64'b0000000000000000000000000000000000000000000000000000000000000000 
	Parameter ROCKETCfg[PMPAddrRstVal][57] bound to: 64'b0000000000000000000000000000000000000000000000000000000000000000 
	Parameter ROCKETCfg[PMPAddrRstVal][56] bound to: 64'b0000000000000000000000000000000000000000000000000000000000000000 
	Parameter ROCKETCfg[PMPAddrRstVal][55] bound to: 64'b0000000000000000000000000000000000000000000000000000000000000000 
	Parameter ROCKETCfg[PMPAddrRstVal][54] bound to: 64'b0000000000000000000000000000000000000000000000000000000000000000 
	Parameter ROCKETCfg[PMPAddrRstVal][53] bound to: 64'b0000000000000000000000000000000000000000000000000000000000000000 
	Parameter ROCKETCfg[PMPAddrRstVal][52] bound to: 64'b0000000000000000000000000000000000000000000000000000000000000000 
	Parameter ROCKETCfg[PMPAddrRstVal][51] bound to: 64'b0000000000000000000000000000000000000000000000000000000000000000 
	Parameter ROCKETCfg[PMPAddrRstVal][50] bound to: 64'b0000000000000000000000000000000000000000000000000000000000000000 
	Parameter ROCKETCfg[PMPAddrRstVal][49] bound to: 64'b0000000000000000000000000000000000000000000000000000000000000000 
	Parameter ROCKETCfg[PMPAddrRstVal][48] bound to: 64'b0000000000000000000000000000000000000000000000000000000000000000 
	Parameter ROCKETCfg[PMPAddrRstVal][47] bound to: 64'b0000000000000000000000000000000000000000000000000000000000000000 
	Parameter ROCKETCfg[PMPAddrRstVal][46] bound to: 64'b0000000000000000000000000000000000000000000000000000000000000000 
	Parameter ROCKETCfg[PMPAddrRstVal][45] bound to: 64'b0000000000000000000000000000000000000000000000000000000000000000 
	Parameter ROCKETCfg[PMPAddrRstVal][44] bound to: 64'b0000000000000000000000000000000000000000000000000000000000000000 
	Parameter ROCKETCfg[PMPAddrRstVal][43] bound to: 64'b0000000000000000000000000000000000000000000000000000000000000000 
	Parameter ROCKETCfg[PMPAddrRstVal][42] bound to: 64'b0000000000000000000000000000000000000000000000000000000000000000 
	Parameter ROCKETCfg[PMPAddrRstVal][41] bound to: 64'b0000000000000000000000000000000000000000000000000000000000000000 
	Parameter ROCKETCfg[PMPAddrRstVal][40] bound to: 64'b0000000000000000000000000000000000000000000000000000000000000000 
	Parameter ROCKETCfg[PMPAddrRstVal][39] bound to: 64'b0000000000000000000000000000000000000000000000000000000000000000 
	Parameter ROCKETCfg[PMPAddrRstVal][38] bound to: 64'b0000000000000000000000000000000000000000000000000000000000000000 
	Parameter ROCKETCfg[PMPAddrRstVal][37] bound to: 64'b0000000000000000000000000000000000000000000000000000000000000000 
	Parameter ROCKETCfg[PMPAddrRstVal][36] bound to: 64'b0000000000000000000000000000000000000000000000000000000000000000 
	Parameter ROCKETCfg[PMPAddrRstVal][35] bound to: 64'b0000000000000000000000000000000000000000000000000000000000000000 
	Parameter ROCKETCfg[PMPAddrRstVal][34] bound to: 64'b0000000000000000000000000000000000000000000000000000000000000000 
	Parameter ROCKETCfg[PMPAddrRstVal][33] bound to: 64'b0000000000000000000000000000000000000000000000000000000000000000 
	Parameter ROCKETCfg[PMPAddrRstVal][32] bound to: 64'b0000000000000000000000000000000000000000000000000000000000000000 
	Parameter ROCKETCfg[PMPAddrRstVal][31] bound to: 64'b0000000000000000000000000000000000000000000000000000000000000000 
	Parameter ROCKETCfg[PMPAddrRstVal][30] bound to: 64'b0000000000000000000000000000000000000000000000000000000000000000 
	Parameter ROCKETCfg[PMPAddrRstVal][29] bound to: 64'b0000000000000000000000000000000000000000000000000000000000000000 
	Parameter ROCKETCfg[PMPAddrRstVal][28] bound to: 64'b0000000000000000000000000000000000000000000000000000000000000000 
	Parameter ROCKETCfg[PMPAddrRstVal][27] bound to: 64'b0000000000000000000000000000000000000000000000000000000000000000 
	Parameter ROCKETCfg[PMPAddrRstVal][26] bound to: 64'b0000000000000000000000000000000000000000000000000000000000000000 
	Parameter ROCKETCfg[PMPAddrRstVal][25] bound to: 64'b0000000000000000000000000000000000000000000000000000000000000000 
	Parameter ROCKETCfg[PMPAddrRstVal][24] bound to: 64'b0000000000000000000000000000000000000000000000000000000000000000 
	Parameter ROCKETCfg[PMPAddrRstVal][23] bound to: 64'b0000000000000000000000000000000000000000000000000000000000000000 
	Parameter ROCKETCfg[PMPAddrRstVal][22] bound to: 64'b0000000000000000000000000000000000000000000000000000000000000000 
	Parameter ROCKETCfg[PMPAddrRstVal][21] bound to: 64'b0000000000000000000000000000000000000000000000000000000000000000 
	Parameter ROCKETCfg[PMPAddrRstVal][20] bound to: 64'b0000000000000000000000000000000000000000000000000000000000000000 
	Parameter ROCKETCfg[PMPAddrRstVal][19] bound to: 64'b0000000000000000000000000000000000000000000000000000000000000000 
	Parameter ROCKETCfg[PMPAddrRstVal][18] bound to: 64'b0000000000000000000000000000000000000000000000000000000000000000 
	Parameter ROCKETCfg[PMPAddrRstVal][17] bound to: 64'b0000000000000000000000000000000000000000000000000000000000000000 
	Parameter ROCKETCfg[PMPAddrRstVal][16] bound to: 64'b0000000000000000000000000000000000000000000000000000000000000000 
	Parameter ROCKETCfg[PMPAddrRstVal][15] bound to: 64'b0000000000000000000000000000000000000000000000000000000000000000 
	Parameter ROCKETCfg[PMPAddrRstVal][14] bound to: 64'b0000000000000000000000000000000000000000000000000000000000000000 
	Parameter ROCKETCfg[PMPAddrRstVal][13] bound to: 64'b0000000000000000000000000000000000000000000000000000000000000000 
	Parameter ROCKETCfg[PMPAddrRstVal][12] bound to: 64'b0000000000000000000000000000000000000000000000000000000000000000 
	Parameter ROCKETCfg[PMPAddrRstVal][11] bound to: 64'b0000000000000000000000000000000000000000000000000000000000000000 
	Parameter ROCKETCfg[PMPAddrRstVal][10] bound to: 64'b0000000000000000000000000000000000000000000000000000000000000000 
	Parameter ROCKETCfg[PMPAddrRstVal][9] bound to: 64'b0000000000000000000000000000000000000000000000000000000000000000 
	Parameter ROCKETCfg[PMPAddrRstVal][8] bound to: 64'b0000000000000000000000000000000000000000000000000000000000000000 
	Parameter ROCKETCfg[PMPAddrRstVal][7] bound to: 64'b0000000000000000000000000000000000000000000000000000000000000000 
	Parameter ROCKETCfg[PMPAddrRstVal][6] bound to: 64'b0000000000000000000000000000000000000000000000000000000000000000 
	Parameter ROCKETCfg[PMPAddrRstVal][5] bound to: 64'b0000000000000000000000000000000000000000000000000000000000000000 
	Parameter ROCKETCfg[PMPAddrRstVal][4] bound to: 64'b0000000000000000000000000000000000000000000000000000000000000000 
	Parameter ROCKETCfg[PMPAddrRstVal][3] bound to: 64'b0000000000000000000000000000000000000000000000000000000000000000 
	Parameter ROCKETCfg[PMPAddrRstVal][2] bound to: 64'b0000000000000000000000000000000000000000000000000000000000000000 
	Parameter ROCKETCfg[PMPAddrRstVal][1] bound to: 64'b0000000000000000000000000000000000000000000000000000000000000000 
	Parameter ROCKETCfg[PMPAddrRstVal][0] bound to: 64'b0000000000000000000000000000000000000000000000000000000000000000 
	Parameter ROCKETCfg[PMPEntryReadOnly] bound to: 64'b0000000000000000000000000000000000000000000000000000000000000000 
	Parameter ROCKETCfg[PMPNapotEn] bound to: 1'b1 
INFO: [Synth 8-6157] synthesizing module 'csr_regfile' [/home/ian/amdFPGA/projects/secure_mem_riscv_ian/rtl/common/csr_regfile.sv:1]
	Parameter ROCKETCfg[XLEN] bound to: 32'b00000000000000000000000001000000 
	Parameter ROCKETCfg[PLEN] bound to: 32'b00000000000000000000000000111000 
	Parameter ROCKETCfg[CACHELINE_WIDTH] bound to: 32'b00000000000000000000001000000000 
	Parameter ROCKETCfg[TL_DATA_WIDTH] bound to: 32'b00000000000000000000000001000000 
	Parameter ROCKETCfg[TL_SIZE_WIDTH] bound to: 32'b00000000000000000000000000000011 
	Parameter ROCKETCfg[TL_ADDRESS_WIDTH] bound to: 32'b00000000000000000000000000100010 
	Parameter ROCKETCfg[NrPMPEntries] bound to: 32'b00000000000000000000000000001000 
	Parameter ROCKETCfg[PMPCfgRstVal][63] bound to: 64'b0000000000000000000000000000000000000000000000000000000000000000 
	Parameter ROCKETCfg[PMPCfgRstVal][62] bound to: 64'b0000000000000000000000000000000000000000000000000000000000000000 
	Parameter ROCKETCfg[PMPCfgRstVal][61] bound to: 64'b0000000000000000000000000000000000000000000000000000000000000000 
	Parameter ROCKETCfg[PMPCfgRstVal][60] bound to: 64'b0000000000000000000000000000000000000000000000000000000000000000 
	Parameter ROCKETCfg[PMPCfgRstVal][59] bound to: 64'b0000000000000000000000000000000000000000000000000000000000000000 
	Parameter ROCKETCfg[PMPCfgRstVal][58] bound to: 64'b0000000000000000000000000000000000000000000000000000000000000000 
	Parameter ROCKETCfg[PMPCfgRstVal][57] bound to: 64'b0000000000000000000000000000000000000000000000000000000000000000 
	Parameter ROCKETCfg[PMPCfgRstVal][56] bound to: 64'b0000000000000000000000000000000000000000000000000000000000000000 
	Parameter ROCKETCfg[PMPCfgRstVal][55] bound to: 64'b0000000000000000000000000000000000000000000000000000000000000000 
	Parameter ROCKETCfg[PMPCfgRstVal][54] bound to: 64'b0000000000000000000000000000000000000000000000000000000000000000 
	Parameter ROCKETCfg[PMPCfgRstVal][53] bound to: 64'b0000000000000000000000000000000000000000000000000000000000000000 
	Parameter ROCKETCfg[PMPCfgRstVal][52] bound to: 64'b0000000000000000000000000000000000000000000000000000000000000000 
	Parameter ROCKETCfg[PMPCfgRstVal][51] bound to: 64'b0000000000000000000000000000000000000000000000000000000000000000 
	Parameter ROCKETCfg[PMPCfgRstVal][50] bound to: 64'b0000000000000000000000000000000000000000000000000000000000000000 
	Parameter ROCKETCfg[PMPCfgRstVal][49] bound to: 64'b0000000000000000000000000000000000000000000000000000000000000000 
	Parameter ROCKETCfg[PMPCfgRstVal][48] bound to: 64'b0000000000000000000000000000000000000000000000000000000000000000 
	Parameter ROCKETCfg[PMPCfgRstVal][47] bound to: 64'b0000000000000000000000000000000000000000000000000000000000000000 
	Parameter ROCKETCfg[PMPCfgRstVal][46] bound to: 64'b0000000000000000000000000000000000000000000000000000000000000000 
	Parameter ROCKETCfg[PMPCfgRstVal][45] bound to: 64'b0000000000000000000000000000000000000000000000000000000000000000 
	Parameter ROCKETCfg[PMPCfgRstVal][44] bound to: 64'b0000000000000000000000000000000000000000000000000000000000000000 
	Parameter ROCKETCfg[PMPCfgRstVal][43] bound to: 64'b0000000000000000000000000000000000000000000000000000000000000000 
	Parameter ROCKETCfg[PMPCfgRstVal][42] bound to: 64'b0000000000000000000000000000000000000000000000000000000000000000 
	Parameter ROCKETCfg[PMPCfgRstVal][41] bound to: 64'b0000000000000000000000000000000000000000000000000000000000000000 
	Parameter ROCKETCfg[PMPCfgRstVal][40] bound to: 64'b0000000000000000000000000000000000000000000000000000000000000000 
	Parameter ROCKETCfg[PMPCfgRstVal][39] bound to: 64'b0000000000000000000000000000000000000000000000000000000000000000 
	Parameter ROCKETCfg[PMPCfgRstVal][38] bound to: 64'b0000000000000000000000000000000000000000000000000000000000000000 
	Parameter ROCKETCfg[PMPCfgRstVal][37] bound to: 64'b0000000000000000000000000000000000000000000000000000000000000000 
	Parameter ROCKETCfg[PMPCfgRstVal][36] bound to: 64'b0000000000000000000000000000000000000000000000000000000000000000 
	Parameter ROCKETCfg[PMPCfgRstVal][35] bound to: 64'b0000000000000000000000000000000000000000000000000000000000000000 
	Parameter ROCKETCfg[PMPCfgRstVal][34] bound to: 64'b0000000000000000000000000000000000000000000000000000000000000000 
	Parameter ROCKETCfg[PMPCfgRstVal][33] bound to: 64'b0000000000000000000000000000000000000000000000000000000000000000 
	Parameter ROCKETCfg[PMPCfgRstVal][32] bound to: 64'b0000000000000000000000000000000000000000000000000000000000000000 
	Parameter ROCKETCfg[PMPCfgRstVal][31] bound to: 64'b0000000000000000000000000000000000000000000000000000000000000000 
	Parameter ROCKETCfg[PMPCfgRstVal][30] bound to: 64'b0000000000000000000000000000000000000000000000000000000000000000 
	Parameter ROCKETCfg[PMPCfgRstVal][29] bound to: 64'b0000000000000000000000000000000000000000000000000000000000000000 
	Parameter ROCKETCfg[PMPCfgRstVal][28] bound to: 64'b0000000000000000000000000000000000000000000000000000000000000000 
	Parameter ROCKETCfg[PMPCfgRstVal][27] bound to: 64'b0000000000000000000000000000000000000000000000000000000000000000 
	Parameter ROCKETCfg[PMPCfgRstVal][26] bound to: 64'b0000000000000000000000000000000000000000000000000000000000000000 
	Parameter ROCKETCfg[PMPCfgRstVal][25] bound to: 64'b0000000000000000000000000000000000000000000000000000000000000000 
	Parameter ROCKETCfg[PMPCfgRstVal][24] bound to: 64'b0000000000000000000000000000000000000000000000000000000000000000 
	Parameter ROCKETCfg[PMPCfgRstVal][23] bound to: 64'b0000000000000000000000000000000000000000000000000000000000000000 
	Parameter ROCKETCfg[PMPCfgRstVal][22] bound to: 64'b0000000000000000000000000000000000000000000000000000000000000000 
	Parameter ROCKETCfg[PMPCfgRstVal][21] bound to: 64'b0000000000000000000000000000000000000000000000000000000000000000 
	Parameter ROCKETCfg[PMPCfgRstVal][20] bound to: 64'b0000000000000000000000000000000000000000000000000000000000000000 
	Parameter ROCKETCfg[PMPCfgRstVal][19] bound to: 64'b0000000000000000000000000000000000000000000000000000000000000000 
	Parameter ROCKETCfg[PMPCfgRstVal][18] bound to: 64'b0000000000000000000000000000000000000000000000000000000000000000 
	Parameter ROCKETCfg[PMPCfgRstVal][17] bound to: 64'b0000000000000000000000000000000000000000000000000000000000000000 
	Parameter ROCKETCfg[PMPCfgRstVal][16] bound to: 64'b0000000000000000000000000000000000000000000000000000000000000000 
	Parameter ROCKETCfg[PMPCfgRstVal][15] bound to: 64'b0000000000000000000000000000000000000000000000000000000000000000 
	Parameter ROCKETCfg[PMPCfgRstVal][14] bound to: 64'b0000000000000000000000000000000000000000000000000000000000000000 
	Parameter ROCKETCfg[PMPCfgRstVal][13] bound to: 64'b0000000000000000000000000000000000000000000000000000000000000000 
	Parameter ROCKETCfg[PMPCfgRstVal][12] bound to: 64'b0000000000000000000000000000000000000000000000000000000000000000 
	Parameter ROCKETCfg[PMPCfgRstVal][11] bound to: 64'b0000000000000000000000000000000000000000000000000000000000000000 
	Parameter ROCKETCfg[PMPCfgRstVal][10] bound to: 64'b0000000000000000000000000000000000000000000000000000000000000000 
	Parameter ROCKETCfg[PMPCfgRstVal][9] bound to: 64'b0000000000000000000000000000000000000000000000000000000000000000 
	Parameter ROCKETCfg[PMPCfgRstVal][8] bound to: 64'b0000000000000000000000000000000000000000000000000000000000000000 
	Parameter ROCKETCfg[PMPCfgRstVal][7] bound to: 64'b0000000000000000000000000000000000000000000000000000000000000000 
	Parameter ROCKETCfg[PMPCfgRstVal][6] bound to: 64'b0000000000000000000000000000000000000000000000000000000000000000 
	Parameter ROCKETCfg[PMPCfgRstVal][5] bound to: 64'b0000000000000000000000000000000000000000000000000000000000000000 
	Parameter ROCKETCfg[PMPCfgRstVal][4] bound to: 64'b0000000000000000000000000000000000000000000000000000000000000000 
	Parameter ROCKETCfg[PMPCfgRstVal][3] bound to: 64'b0000000000000000000000000000000000000000000000000000000000000000 
	Parameter ROCKETCfg[PMPCfgRstVal][2] bound to: 64'b0000000000000000000000000000000000000000000000000000000000000000 
	Parameter ROCKETCfg[PMPCfgRstVal][1] bound to: 64'b0000000000000000000000000000000000000000000000000000000000000000 
	Parameter ROCKETCfg[PMPCfgRstVal][0] bound to: 64'b0000000000000000000000000000000000000000000000000000000000000000 
	Parameter ROCKETCfg[PMPAddrRstVal][63] bound to: 64'b0000000000000000000000000000000000000000000000000000000000000000 
	Parameter ROCKETCfg[PMPAddrRstVal][62] bound to: 64'b0000000000000000000000000000000000000000000000000000000000000000 
	Parameter ROCKETCfg[PMPAddrRstVal][61] bound to: 64'b0000000000000000000000000000000000000000000000000000000000000000 
	Parameter ROCKETCfg[PMPAddrRstVal][60] bound to: 64'b0000000000000000000000000000000000000000000000000000000000000000 
	Parameter ROCKETCfg[PMPAddrRstVal][59] bound to: 64'b0000000000000000000000000000000000000000000000000000000000000000 
	Parameter ROCKETCfg[PMPAddrRstVal][58] bound to: 64'b0000000000000000000000000000000000000000000000000000000000000000 
	Parameter ROCKETCfg[PMPAddrRstVal][57] bound to: 64'b0000000000000000000000000000000000000000000000000000000000000000 
	Parameter ROCKETCfg[PMPAddrRstVal][56] bound to: 64'b0000000000000000000000000000000000000000000000000000000000000000 
	Parameter ROCKETCfg[PMPAddrRstVal][55] bound to: 64'b0000000000000000000000000000000000000000000000000000000000000000 
	Parameter ROCKETCfg[PMPAddrRstVal][54] bound to: 64'b0000000000000000000000000000000000000000000000000000000000000000 
	Parameter ROCKETCfg[PMPAddrRstVal][53] bound to: 64'b0000000000000000000000000000000000000000000000000000000000000000 
	Parameter ROCKETCfg[PMPAddrRstVal][52] bound to: 64'b0000000000000000000000000000000000000000000000000000000000000000 
	Parameter ROCKETCfg[PMPAddrRstVal][51] bound to: 64'b0000000000000000000000000000000000000000000000000000000000000000 
	Parameter ROCKETCfg[PMPAddrRstVal][50] bound to: 64'b0000000000000000000000000000000000000000000000000000000000000000 
	Parameter ROCKETCfg[PMPAddrRstVal][49] bound to: 64'b0000000000000000000000000000000000000000000000000000000000000000 
	Parameter ROCKETCfg[PMPAddrRstVal][48] bound to: 64'b0000000000000000000000000000000000000000000000000000000000000000 
	Parameter ROCKETCfg[PMPAddrRstVal][47] bound to: 64'b0000000000000000000000000000000000000000000000000000000000000000 
	Parameter ROCKETCfg[PMPAddrRstVal][46] bound to: 64'b0000000000000000000000000000000000000000000000000000000000000000 
	Parameter ROCKETCfg[PMPAddrRstVal][45] bound to: 64'b0000000000000000000000000000000000000000000000000000000000000000 
	Parameter ROCKETCfg[PMPAddrRstVal][44] bound to: 64'b0000000000000000000000000000000000000000000000000000000000000000 
	Parameter ROCKETCfg[PMPAddrRstVal][43] bound to: 64'b0000000000000000000000000000000000000000000000000000000000000000 
	Parameter ROCKETCfg[PMPAddrRstVal][42] bound to: 64'b0000000000000000000000000000000000000000000000000000000000000000 
	Parameter ROCKETCfg[PMPAddrRstVal][41] bound to: 64'b0000000000000000000000000000000000000000000000000000000000000000 
	Parameter ROCKETCfg[PMPAddrRstVal][40] bound to: 64'b0000000000000000000000000000000000000000000000000000000000000000 
	Parameter ROCKETCfg[PMPAddrRstVal][39] bound to: 64'b0000000000000000000000000000000000000000000000000000000000000000 
	Parameter ROCKETCfg[PMPAddrRstVal][38] bound to: 64'b0000000000000000000000000000000000000000000000000000000000000000 
	Parameter ROCKETCfg[PMPAddrRstVal][37] bound to: 64'b0000000000000000000000000000000000000000000000000000000000000000 
	Parameter ROCKETCfg[PMPAddrRstVal][36] bound to: 64'b0000000000000000000000000000000000000000000000000000000000000000 
	Parameter ROCKETCfg[PMPAddrRstVal][35] bound to: 64'b0000000000000000000000000000000000000000000000000000000000000000 
	Parameter ROCKETCfg[PMPAddrRstVal][34] bound to: 64'b0000000000000000000000000000000000000000000000000000000000000000 
	Parameter ROCKETCfg[PMPAddrRstVal][33] bound to: 64'b0000000000000000000000000000000000000000000000000000000000000000 
	Parameter ROCKETCfg[PMPAddrRstVal][32] bound to: 64'b0000000000000000000000000000000000000000000000000000000000000000 
	Parameter ROCKETCfg[PMPAddrRstVal][31] bound to: 64'b0000000000000000000000000000000000000000000000000000000000000000 
	Parameter ROCKETCfg[PMPAddrRstVal][30] bound to: 64'b0000000000000000000000000000000000000000000000000000000000000000 
	Parameter ROCKETCfg[PMPAddrRstVal][29] bound to: 64'b0000000000000000000000000000000000000000000000000000000000000000 
	Parameter ROCKETCfg[PMPAddrRstVal][28] bound to: 64'b0000000000000000000000000000000000000000000000000000000000000000 
	Parameter ROCKETCfg[PMPAddrRstVal][27] bound to: 64'b0000000000000000000000000000000000000000000000000000000000000000 
	Parameter ROCKETCfg[PMPAddrRstVal][26] bound to: 64'b0000000000000000000000000000000000000000000000000000000000000000 
	Parameter ROCKETCfg[PMPAddrRstVal][25] bound to: 64'b0000000000000000000000000000000000000000000000000000000000000000 
	Parameter ROCKETCfg[PMPAddrRstVal][24] bound to: 64'b0000000000000000000000000000000000000000000000000000000000000000 
	Parameter ROCKETCfg[PMPAddrRstVal][23] bound to: 64'b0000000000000000000000000000000000000000000000000000000000000000 
	Parameter ROCKETCfg[PMPAddrRstVal][22] bound to: 64'b0000000000000000000000000000000000000000000000000000000000000000 
	Parameter ROCKETCfg[PMPAddrRstVal][21] bound to: 64'b0000000000000000000000000000000000000000000000000000000000000000 
	Parameter ROCKETCfg[PMPAddrRstVal][20] bound to: 64'b0000000000000000000000000000000000000000000000000000000000000000 
	Parameter ROCKETCfg[PMPAddrRstVal][19] bound to: 64'b0000000000000000000000000000000000000000000000000000000000000000 
	Parameter ROCKETCfg[PMPAddrRstVal][18] bound to: 64'b0000000000000000000000000000000000000000000000000000000000000000 
	Parameter ROCKETCfg[PMPAddrRstVal][17] bound to: 64'b0000000000000000000000000000000000000000000000000000000000000000 
	Parameter ROCKETCfg[PMPAddrRstVal][16] bound to: 64'b0000000000000000000000000000000000000000000000000000000000000000 
	Parameter ROCKETCfg[PMPAddrRstVal][15] bound to: 64'b0000000000000000000000000000000000000000000000000000000000000000 
	Parameter ROCKETCfg[PMPAddrRstVal][14] bound to: 64'b0000000000000000000000000000000000000000000000000000000000000000 
	Parameter ROCKETCfg[PMPAddrRstVal][13] bound to: 64'b0000000000000000000000000000000000000000000000000000000000000000 
	Parameter ROCKETCfg[PMPAddrRstVal][12] bound to: 64'b0000000000000000000000000000000000000000000000000000000000000000 
	Parameter ROCKETCfg[PMPAddrRstVal][11] bound to: 64'b0000000000000000000000000000000000000000000000000000000000000000 
	Parameter ROCKETCfg[PMPAddrRstVal][10] bound to: 64'b0000000000000000000000000000000000000000000000000000000000000000 
	Parameter ROCKETCfg[PMPAddrRstVal][9] bound to: 64'b0000000000000000000000000000000000000000000000000000000000000000 
	Parameter ROCKETCfg[PMPAddrRstVal][8] bound to: 64'b0000000000000000000000000000000000000000000000000000000000000000 
	Parameter ROCKETCfg[PMPAddrRstVal][7] bound to: 64'b0000000000000000000000000000000000000000000000000000000000000000 
	Parameter ROCKETCfg[PMPAddrRstVal][6] bound to: 64'b0000000000000000000000000000000000000000000000000000000000000000 
	Parameter ROCKETCfg[PMPAddrRstVal][5] bound to: 64'b0000000000000000000000000000000000000000000000000000000000000000 
	Parameter ROCKETCfg[PMPAddrRstVal][4] bound to: 64'b0000000000000000000000000000000000000000000000000000000000000000 
	Parameter ROCKETCfg[PMPAddrRstVal][3] bound to: 64'b0000000000000000000000000000000000000000000000000000000000000000 
	Parameter ROCKETCfg[PMPAddrRstVal][2] bound to: 64'b0000000000000000000000000000000000000000000000000000000000000000 
	Parameter ROCKETCfg[PMPAddrRstVal][1] bound to: 64'b0000000000000000000000000000000000000000000000000000000000000000 
	Parameter ROCKETCfg[PMPAddrRstVal][0] bound to: 64'b0000000000000000000000000000000000000000000000000000000000000000 
	Parameter ROCKETCfg[PMPEntryReadOnly] bound to: 64'b0000000000000000000000000000000000000000000000000000000000000000 
	Parameter ROCKETCfg[PMPNapotEn] bound to: 1'b1 
INFO: [Synth 8-294] found qualifier unique on case statement: implementing as parallel_case [/home/ian/amdFPGA/projects/secure_mem_riscv_ian/rtl/common/csr_regfile.sv:50]
INFO: [Synth 8-294] found qualifier unique on case statement: implementing as parallel_case [/home/ian/amdFPGA/projects/secure_mem_riscv_ian/rtl/common/csr_regfile.sv:164]
INFO: [Synth 8-6155] done synthesizing module 'csr_regfile' (0#1) [/home/ian/amdFPGA/projects/secure_mem_riscv_ian/rtl/common/csr_regfile.sv:1]
INFO: [Synth 8-6157] synthesizing module 'epmp' [/home/ian/amdFPGA/projects/secure_mem_riscv_ian/rtl/epmp/epmp.sv:1]
	Parameter ROCKETCfg[XLEN] bound to: 32'b00000000000000000000000001000000 
	Parameter ROCKETCfg[PLEN] bound to: 32'b00000000000000000000000000111000 
	Parameter ROCKETCfg[CACHELINE_WIDTH] bound to: 32'b00000000000000000000001000000000 
	Parameter ROCKETCfg[TL_DATA_WIDTH] bound to: 32'b00000000000000000000000001000000 
	Parameter ROCKETCfg[TL_SIZE_WIDTH] bound to: 32'b00000000000000000000000000000011 
	Parameter ROCKETCfg[TL_ADDRESS_WIDTH] bound to: 32'b00000000000000000000000000100010 
	Parameter ROCKETCfg[NrPMPEntries] bound to: 32'b00000000000000000000000000001000 
	Parameter ROCKETCfg[PMPCfgRstVal][63] bound to: 64'b0000000000000000000000000000000000000000000000000000000000000000 
	Parameter ROCKETCfg[PMPCfgRstVal][62] bound to: 64'b0000000000000000000000000000000000000000000000000000000000000000 
	Parameter ROCKETCfg[PMPCfgRstVal][61] bound to: 64'b0000000000000000000000000000000000000000000000000000000000000000 
	Parameter ROCKETCfg[PMPCfgRstVal][60] bound to: 64'b0000000000000000000000000000000000000000000000000000000000000000 
	Parameter ROCKETCfg[PMPCfgRstVal][59] bound to: 64'b0000000000000000000000000000000000000000000000000000000000000000 
	Parameter ROCKETCfg[PMPCfgRstVal][58] bound to: 64'b0000000000000000000000000000000000000000000000000000000000000000 
	Parameter ROCKETCfg[PMPCfgRstVal][57] bound to: 64'b0000000000000000000000000000000000000000000000000000000000000000 
	Parameter ROCKETCfg[PMPCfgRstVal][56] bound to: 64'b0000000000000000000000000000000000000000000000000000000000000000 
	Parameter ROCKETCfg[PMPCfgRstVal][55] bound to: 64'b0000000000000000000000000000000000000000000000000000000000000000 
	Parameter ROCKETCfg[PMPCfgRstVal][54] bound to: 64'b0000000000000000000000000000000000000000000000000000000000000000 
	Parameter ROCKETCfg[PMPCfgRstVal][53] bound to: 64'b0000000000000000000000000000000000000000000000000000000000000000 
	Parameter ROCKETCfg[PMPCfgRstVal][52] bound to: 64'b0000000000000000000000000000000000000000000000000000000000000000 
	Parameter ROCKETCfg[PMPCfgRstVal][51] bound to: 64'b0000000000000000000000000000000000000000000000000000000000000000 
	Parameter ROCKETCfg[PMPCfgRstVal][50] bound to: 64'b0000000000000000000000000000000000000000000000000000000000000000 
	Parameter ROCKETCfg[PMPCfgRstVal][49] bound to: 64'b0000000000000000000000000000000000000000000000000000000000000000 
	Parameter ROCKETCfg[PMPCfgRstVal][48] bound to: 64'b0000000000000000000000000000000000000000000000000000000000000000 
	Parameter ROCKETCfg[PMPCfgRstVal][47] bound to: 64'b0000000000000000000000000000000000000000000000000000000000000000 
	Parameter ROCKETCfg[PMPCfgRstVal][46] bound to: 64'b0000000000000000000000000000000000000000000000000000000000000000 
	Parameter ROCKETCfg[PMPCfgRstVal][45] bound to: 64'b0000000000000000000000000000000000000000000000000000000000000000 
	Parameter ROCKETCfg[PMPCfgRstVal][44] bound to: 64'b0000000000000000000000000000000000000000000000000000000000000000 
	Parameter ROCKETCfg[PMPCfgRstVal][43] bound to: 64'b0000000000000000000000000000000000000000000000000000000000000000 
	Parameter ROCKETCfg[PMPCfgRstVal][42] bound to: 64'b0000000000000000000000000000000000000000000000000000000000000000 
	Parameter ROCKETCfg[PMPCfgRstVal][41] bound to: 64'b0000000000000000000000000000000000000000000000000000000000000000 
	Parameter ROCKETCfg[PMPCfgRstVal][40] bound to: 64'b0000000000000000000000000000000000000000000000000000000000000000 
	Parameter ROCKETCfg[PMPCfgRstVal][39] bound to: 64'b0000000000000000000000000000000000000000000000000000000000000000 
	Parameter ROCKETCfg[PMPCfgRstVal][38] bound to: 64'b0000000000000000000000000000000000000000000000000000000000000000 
	Parameter ROCKETCfg[PMPCfgRstVal][37] bound to: 64'b0000000000000000000000000000000000000000000000000000000000000000 
	Parameter ROCKETCfg[PMPCfgRstVal][36] bound to: 64'b0000000000000000000000000000000000000000000000000000000000000000 
	Parameter ROCKETCfg[PMPCfgRstVal][35] bound to: 64'b0000000000000000000000000000000000000000000000000000000000000000 
	Parameter ROCKETCfg[PMPCfgRstVal][34] bound to: 64'b0000000000000000000000000000000000000000000000000000000000000000 
	Parameter ROCKETCfg[PMPCfgRstVal][33] bound to: 64'b0000000000000000000000000000000000000000000000000000000000000000 
	Parameter ROCKETCfg[PMPCfgRstVal][32] bound to: 64'b0000000000000000000000000000000000000000000000000000000000000000 
	Parameter ROCKETCfg[PMPCfgRstVal][31] bound to: 64'b0000000000000000000000000000000000000000000000000000000000000000 
	Parameter ROCKETCfg[PMPCfgRstVal][30] bound to: 64'b0000000000000000000000000000000000000000000000000000000000000000 
	Parameter ROCKETCfg[PMPCfgRstVal][29] bound to: 64'b0000000000000000000000000000000000000000000000000000000000000000 
	Parameter ROCKETCfg[PMPCfgRstVal][28] bound to: 64'b0000000000000000000000000000000000000000000000000000000000000000 
	Parameter ROCKETCfg[PMPCfgRstVal][27] bound to: 64'b0000000000000000000000000000000000000000000000000000000000000000 
	Parameter ROCKETCfg[PMPCfgRstVal][26] bound to: 64'b0000000000000000000000000000000000000000000000000000000000000000 
	Parameter ROCKETCfg[PMPCfgRstVal][25] bound to: 64'b0000000000000000000000000000000000000000000000000000000000000000 
	Parameter ROCKETCfg[PMPCfgRstVal][24] bound to: 64'b0000000000000000000000000000000000000000000000000000000000000000 
	Parameter ROCKETCfg[PMPCfgRstVal][23] bound to: 64'b0000000000000000000000000000000000000000000000000000000000000000 
	Parameter ROCKETCfg[PMPCfgRstVal][22] bound to: 64'b0000000000000000000000000000000000000000000000000000000000000000 
	Parameter ROCKETCfg[PMPCfgRstVal][21] bound to: 64'b0000000000000000000000000000000000000000000000000000000000000000 
	Parameter ROCKETCfg[PMPCfgRstVal][20] bound to: 64'b0000000000000000000000000000000000000000000000000000000000000000 
	Parameter ROCKETCfg[PMPCfgRstVal][19] bound to: 64'b0000000000000000000000000000000000000000000000000000000000000000 
	Parameter ROCKETCfg[PMPCfgRstVal][18] bound to: 64'b0000000000000000000000000000000000000000000000000000000000000000 
	Parameter ROCKETCfg[PMPCfgRstVal][17] bound to: 64'b0000000000000000000000000000000000000000000000000000000000000000 
	Parameter ROCKETCfg[PMPCfgRstVal][16] bound to: 64'b0000000000000000000000000000000000000000000000000000000000000000 
	Parameter ROCKETCfg[PMPCfgRstVal][15] bound to: 64'b0000000000000000000000000000000000000000000000000000000000000000 
	Parameter ROCKETCfg[PMPCfgRstVal][14] bound to: 64'b0000000000000000000000000000000000000000000000000000000000000000 
	Parameter ROCKETCfg[PMPCfgRstVal][13] bound to: 64'b0000000000000000000000000000000000000000000000000000000000000000 
	Parameter ROCKETCfg[PMPCfgRstVal][12] bound to: 64'b0000000000000000000000000000000000000000000000000000000000000000 
	Parameter ROCKETCfg[PMPCfgRstVal][11] bound to: 64'b0000000000000000000000000000000000000000000000000000000000000000 
	Parameter ROCKETCfg[PMPCfgRstVal][10] bound to: 64'b0000000000000000000000000000000000000000000000000000000000000000 
	Parameter ROCKETCfg[PMPCfgRstVal][9] bound to: 64'b0000000000000000000000000000000000000000000000000000000000000000 
	Parameter ROCKETCfg[PMPCfgRstVal][8] bound to: 64'b0000000000000000000000000000000000000000000000000000000000000000 
	Parameter ROCKETCfg[PMPCfgRstVal][7] bound to: 64'b0000000000000000000000000000000000000000000000000000000000000000 
	Parameter ROCKETCfg[PMPCfgRstVal][6] bound to: 64'b0000000000000000000000000000000000000000000000000000000000000000 
	Parameter ROCKETCfg[PMPCfgRstVal][5] bound to: 64'b0000000000000000000000000000000000000000000000000000000000000000 
	Parameter ROCKETCfg[PMPCfgRstVal][4] bound to: 64'b0000000000000000000000000000000000000000000000000000000000000000 
	Parameter ROCKETCfg[PMPCfgRstVal][3] bound to: 64'b0000000000000000000000000000000000000000000000000000000000000000 
	Parameter ROCKETCfg[PMPCfgRstVal][2] bound to: 64'b0000000000000000000000000000000000000000000000000000000000000000 
	Parameter ROCKETCfg[PMPCfgRstVal][1] bound to: 64'b0000000000000000000000000000000000000000000000000000000000000000 
	Parameter ROCKETCfg[PMPCfgRstVal][0] bound to: 64'b0000000000000000000000000000000000000000000000000000000000000000 
	Parameter ROCKETCfg[PMPAddrRstVal][63] bound to: 64'b0000000000000000000000000000000000000000000000000000000000000000 
	Parameter ROCKETCfg[PMPAddrRstVal][62] bound to: 64'b0000000000000000000000000000000000000000000000000000000000000000 
	Parameter ROCKETCfg[PMPAddrRstVal][61] bound to: 64'b0000000000000000000000000000000000000000000000000000000000000000 
	Parameter ROCKETCfg[PMPAddrRstVal][60] bound to: 64'b0000000000000000000000000000000000000000000000000000000000000000 
	Parameter ROCKETCfg[PMPAddrRstVal][59] bound to: 64'b0000000000000000000000000000000000000000000000000000000000000000 
	Parameter ROCKETCfg[PMPAddrRstVal][58] bound to: 64'b0000000000000000000000000000000000000000000000000000000000000000 
	Parameter ROCKETCfg[PMPAddrRstVal][57] bound to: 64'b0000000000000000000000000000000000000000000000000000000000000000 
	Parameter ROCKETCfg[PMPAddrRstVal][56] bound to: 64'b0000000000000000000000000000000000000000000000000000000000000000 
	Parameter ROCKETCfg[PMPAddrRstVal][55] bound to: 64'b0000000000000000000000000000000000000000000000000000000000000000 
	Parameter ROCKETCfg[PMPAddrRstVal][54] bound to: 64'b0000000000000000000000000000000000000000000000000000000000000000 
	Parameter ROCKETCfg[PMPAddrRstVal][53] bound to: 64'b0000000000000000000000000000000000000000000000000000000000000000 
	Parameter ROCKETCfg[PMPAddrRstVal][52] bound to: 64'b0000000000000000000000000000000000000000000000000000000000000000 
	Parameter ROCKETCfg[PMPAddrRstVal][51] bound to: 64'b0000000000000000000000000000000000000000000000000000000000000000 
	Parameter ROCKETCfg[PMPAddrRstVal][50] bound to: 64'b0000000000000000000000000000000000000000000000000000000000000000 
	Parameter ROCKETCfg[PMPAddrRstVal][49] bound to: 64'b0000000000000000000000000000000000000000000000000000000000000000 
	Parameter ROCKETCfg[PMPAddrRstVal][48] bound to: 64'b0000000000000000000000000000000000000000000000000000000000000000 
	Parameter ROCKETCfg[PMPAddrRstVal][47] bound to: 64'b0000000000000000000000000000000000000000000000000000000000000000 
	Parameter ROCKETCfg[PMPAddrRstVal][46] bound to: 64'b0000000000000000000000000000000000000000000000000000000000000000 
	Parameter ROCKETCfg[PMPAddrRstVal][45] bound to: 64'b0000000000000000000000000000000000000000000000000000000000000000 
	Parameter ROCKETCfg[PMPAddrRstVal][44] bound to: 64'b0000000000000000000000000000000000000000000000000000000000000000 
	Parameter ROCKETCfg[PMPAddrRstVal][43] bound to: 64'b0000000000000000000000000000000000000000000000000000000000000000 
	Parameter ROCKETCfg[PMPAddrRstVal][42] bound to: 64'b0000000000000000000000000000000000000000000000000000000000000000 
	Parameter ROCKETCfg[PMPAddrRstVal][41] bound to: 64'b0000000000000000000000000000000000000000000000000000000000000000 
	Parameter ROCKETCfg[PMPAddrRstVal][40] bound to: 64'b0000000000000000000000000000000000000000000000000000000000000000 
	Parameter ROCKETCfg[PMPAddrRstVal][39] bound to: 64'b0000000000000000000000000000000000000000000000000000000000000000 
	Parameter ROCKETCfg[PMPAddrRstVal][38] bound to: 64'b0000000000000000000000000000000000000000000000000000000000000000 
	Parameter ROCKETCfg[PMPAddrRstVal][37] bound to: 64'b0000000000000000000000000000000000000000000000000000000000000000 
	Parameter ROCKETCfg[PMPAddrRstVal][36] bound to: 64'b0000000000000000000000000000000000000000000000000000000000000000 
	Parameter ROCKETCfg[PMPAddrRstVal][35] bound to: 64'b0000000000000000000000000000000000000000000000000000000000000000 
	Parameter ROCKETCfg[PMPAddrRstVal][34] bound to: 64'b0000000000000000000000000000000000000000000000000000000000000000 
	Parameter ROCKETCfg[PMPAddrRstVal][33] bound to: 64'b0000000000000000000000000000000000000000000000000000000000000000 
	Parameter ROCKETCfg[PMPAddrRstVal][32] bound to: 64'b0000000000000000000000000000000000000000000000000000000000000000 
	Parameter ROCKETCfg[PMPAddrRstVal][31] bound to: 64'b0000000000000000000000000000000000000000000000000000000000000000 
	Parameter ROCKETCfg[PMPAddrRstVal][30] bound to: 64'b0000000000000000000000000000000000000000000000000000000000000000 
	Parameter ROCKETCfg[PMPAddrRstVal][29] bound to: 64'b0000000000000000000000000000000000000000000000000000000000000000 
	Parameter ROCKETCfg[PMPAddrRstVal][28] bound to: 64'b0000000000000000000000000000000000000000000000000000000000000000 
	Parameter ROCKETCfg[PMPAddrRstVal][27] bound to: 64'b0000000000000000000000000000000000000000000000000000000000000000 
	Parameter ROCKETCfg[PMPAddrRstVal][26] bound to: 64'b0000000000000000000000000000000000000000000000000000000000000000 
	Parameter ROCKETCfg[PMPAddrRstVal][25] bound to: 64'b0000000000000000000000000000000000000000000000000000000000000000 
	Parameter ROCKETCfg[PMPAddrRstVal][24] bound to: 64'b0000000000000000000000000000000000000000000000000000000000000000 
	Parameter ROCKETCfg[PMPAddrRstVal][23] bound to: 64'b0000000000000000000000000000000000000000000000000000000000000000 
	Parameter ROCKETCfg[PMPAddrRstVal][22] bound to: 64'b0000000000000000000000000000000000000000000000000000000000000000 
	Parameter ROCKETCfg[PMPAddrRstVal][21] bound to: 64'b0000000000000000000000000000000000000000000000000000000000000000 
	Parameter ROCKETCfg[PMPAddrRstVal][20] bound to: 64'b0000000000000000000000000000000000000000000000000000000000000000 
	Parameter ROCKETCfg[PMPAddrRstVal][19] bound to: 64'b0000000000000000000000000000000000000000000000000000000000000000 
	Parameter ROCKETCfg[PMPAddrRstVal][18] bound to: 64'b0000000000000000000000000000000000000000000000000000000000000000 
	Parameter ROCKETCfg[PMPAddrRstVal][17] bound to: 64'b0000000000000000000000000000000000000000000000000000000000000000 
	Parameter ROCKETCfg[PMPAddrRstVal][16] bound to: 64'b0000000000000000000000000000000000000000000000000000000000000000 
	Parameter ROCKETCfg[PMPAddrRstVal][15] bound to: 64'b0000000000000000000000000000000000000000000000000000000000000000 
	Parameter ROCKETCfg[PMPAddrRstVal][14] bound to: 64'b0000000000000000000000000000000000000000000000000000000000000000 
	Parameter ROCKETCfg[PMPAddrRstVal][13] bound to: 64'b0000000000000000000000000000000000000000000000000000000000000000 
	Parameter ROCKETCfg[PMPAddrRstVal][12] bound to: 64'b0000000000000000000000000000000000000000000000000000000000000000 
	Parameter ROCKETCfg[PMPAddrRstVal][11] bound to: 64'b0000000000000000000000000000000000000000000000000000000000000000 
	Parameter ROCKETCfg[PMPAddrRstVal][10] bound to: 64'b0000000000000000000000000000000000000000000000000000000000000000 
	Parameter ROCKETCfg[PMPAddrRstVal][9] bound to: 64'b0000000000000000000000000000000000000000000000000000000000000000 
	Parameter ROCKETCfg[PMPAddrRstVal][8] bound to: 64'b0000000000000000000000000000000000000000000000000000000000000000 
	Parameter ROCKETCfg[PMPAddrRstVal][7] bound to: 64'b0000000000000000000000000000000000000000000000000000000000000000 
	Parameter ROCKETCfg[PMPAddrRstVal][6] bound to: 64'b0000000000000000000000000000000000000000000000000000000000000000 
	Parameter ROCKETCfg[PMPAddrRstVal][5] bound to: 64'b0000000000000000000000000000000000000000000000000000000000000000 
	Parameter ROCKETCfg[PMPAddrRstVal][4] bound to: 64'b0000000000000000000000000000000000000000000000000000000000000000 
	Parameter ROCKETCfg[PMPAddrRstVal][3] bound to: 64'b0000000000000000000000000000000000000000000000000000000000000000 
	Parameter ROCKETCfg[PMPAddrRstVal][2] bound to: 64'b0000000000000000000000000000000000000000000000000000000000000000 
	Parameter ROCKETCfg[PMPAddrRstVal][1] bound to: 64'b0000000000000000000000000000000000000000000000000000000000000000 
	Parameter ROCKETCfg[PMPAddrRstVal][0] bound to: 64'b0000000000000000000000000000000000000000000000000000000000000000 
	Parameter ROCKETCfg[PMPEntryReadOnly] bound to: 64'b0000000000000000000000000000000000000000000000000000000000000000 
	Parameter ROCKETCfg[PMPNapotEn] bound to: 1'b1 
INFO: [Synth 8-6157] synthesizing module 'epmp_entry' [/home/ian/amdFPGA/projects/secure_mem_riscv_ian/rtl/epmp/epmp_entry.sv:1]
	Parameter ROCKETCfg[XLEN] bound to: 32'b00000000000000000000000001000000 
	Parameter ROCKETCfg[PLEN] bound to: 32'b00000000000000000000000000111000 
	Parameter ROCKETCfg[CACHELINE_WIDTH] bound to: 32'b00000000000000000000001000000000 
	Parameter ROCKETCfg[TL_DATA_WIDTH] bound to: 32'b00000000000000000000000001000000 
	Parameter ROCKETCfg[TL_SIZE_WIDTH] bound to: 32'b00000000000000000000000000000011 
	Parameter ROCKETCfg[TL_ADDRESS_WIDTH] bound to: 32'b00000000000000000000000000100010 
	Parameter ROCKETCfg[NrPMPEntries] bound to: 32'b00000000000000000000000000001000 
	Parameter ROCKETCfg[PMPCfgRstVal][63] bound to: 64'b0000000000000000000000000000000000000000000000000000000000000000 
	Parameter ROCKETCfg[PMPCfgRstVal][62] bound to: 64'b0000000000000000000000000000000000000000000000000000000000000000 
	Parameter ROCKETCfg[PMPCfgRstVal][61] bound to: 64'b0000000000000000000000000000000000000000000000000000000000000000 
	Parameter ROCKETCfg[PMPCfgRstVal][60] bound to: 64'b0000000000000000000000000000000000000000000000000000000000000000 
	Parameter ROCKETCfg[PMPCfgRstVal][59] bound to: 64'b0000000000000000000000000000000000000000000000000000000000000000 
	Parameter ROCKETCfg[PMPCfgRstVal][58] bound to: 64'b0000000000000000000000000000000000000000000000000000000000000000 
	Parameter ROCKETCfg[PMPCfgRstVal][57] bound to: 64'b0000000000000000000000000000000000000000000000000000000000000000 
	Parameter ROCKETCfg[PMPCfgRstVal][56] bound to: 64'b0000000000000000000000000000000000000000000000000000000000000000 
	Parameter ROCKETCfg[PMPCfgRstVal][55] bound to: 64'b0000000000000000000000000000000000000000000000000000000000000000 
	Parameter ROCKETCfg[PMPCfgRstVal][54] bound to: 64'b0000000000000000000000000000000000000000000000000000000000000000 
	Parameter ROCKETCfg[PMPCfgRstVal][53] bound to: 64'b0000000000000000000000000000000000000000000000000000000000000000 
	Parameter ROCKETCfg[PMPCfgRstVal][52] bound to: 64'b0000000000000000000000000000000000000000000000000000000000000000 
	Parameter ROCKETCfg[PMPCfgRstVal][51] bound to: 64'b0000000000000000000000000000000000000000000000000000000000000000 
	Parameter ROCKETCfg[PMPCfgRstVal][50] bound to: 64'b0000000000000000000000000000000000000000000000000000000000000000 
	Parameter ROCKETCfg[PMPCfgRstVal][49] bound to: 64'b0000000000000000000000000000000000000000000000000000000000000000 
	Parameter ROCKETCfg[PMPCfgRstVal][48] bound to: 64'b0000000000000000000000000000000000000000000000000000000000000000 
	Parameter ROCKETCfg[PMPCfgRstVal][47] bound to: 64'b0000000000000000000000000000000000000000000000000000000000000000 
	Parameter ROCKETCfg[PMPCfgRstVal][46] bound to: 64'b0000000000000000000000000000000000000000000000000000000000000000 
	Parameter ROCKETCfg[PMPCfgRstVal][45] bound to: 64'b0000000000000000000000000000000000000000000000000000000000000000 
	Parameter ROCKETCfg[PMPCfgRstVal][44] bound to: 64'b0000000000000000000000000000000000000000000000000000000000000000 
	Parameter ROCKETCfg[PMPCfgRstVal][43] bound to: 64'b0000000000000000000000000000000000000000000000000000000000000000 
	Parameter ROCKETCfg[PMPCfgRstVal][42] bound to: 64'b0000000000000000000000000000000000000000000000000000000000000000 
	Parameter ROCKETCfg[PMPCfgRstVal][41] bound to: 64'b0000000000000000000000000000000000000000000000000000000000000000 
	Parameter ROCKETCfg[PMPCfgRstVal][40] bound to: 64'b0000000000000000000000000000000000000000000000000000000000000000 
	Parameter ROCKETCfg[PMPCfgRstVal][39] bound to: 64'b0000000000000000000000000000000000000000000000000000000000000000 
	Parameter ROCKETCfg[PMPCfgRstVal][38] bound to: 64'b0000000000000000000000000000000000000000000000000000000000000000 
	Parameter ROCKETCfg[PMPCfgRstVal][37] bound to: 64'b0000000000000000000000000000000000000000000000000000000000000000 
	Parameter ROCKETCfg[PMPCfgRstVal][36] bound to: 64'b0000000000000000000000000000000000000000000000000000000000000000 
	Parameter ROCKETCfg[PMPCfgRstVal][35] bound to: 64'b0000000000000000000000000000000000000000000000000000000000000000 
	Parameter ROCKETCfg[PMPCfgRstVal][34] bound to: 64'b0000000000000000000000000000000000000000000000000000000000000000 
	Parameter ROCKETCfg[PMPCfgRstVal][33] bound to: 64'b0000000000000000000000000000000000000000000000000000000000000000 
	Parameter ROCKETCfg[PMPCfgRstVal][32] bound to: 64'b0000000000000000000000000000000000000000000000000000000000000000 
	Parameter ROCKETCfg[PMPCfgRstVal][31] bound to: 64'b0000000000000000000000000000000000000000000000000000000000000000 
	Parameter ROCKETCfg[PMPCfgRstVal][30] bound to: 64'b0000000000000000000000000000000000000000000000000000000000000000 
	Parameter ROCKETCfg[PMPCfgRstVal][29] bound to: 64'b0000000000000000000000000000000000000000000000000000000000000000 
	Parameter ROCKETCfg[PMPCfgRstVal][28] bound to: 64'b0000000000000000000000000000000000000000000000000000000000000000 
	Parameter ROCKETCfg[PMPCfgRstVal][27] bound to: 64'b0000000000000000000000000000000000000000000000000000000000000000 
	Parameter ROCKETCfg[PMPCfgRstVal][26] bound to: 64'b0000000000000000000000000000000000000000000000000000000000000000 
	Parameter ROCKETCfg[PMPCfgRstVal][25] bound to: 64'b0000000000000000000000000000000000000000000000000000000000000000 
	Parameter ROCKETCfg[PMPCfgRstVal][24] bound to: 64'b0000000000000000000000000000000000000000000000000000000000000000 
	Parameter ROCKETCfg[PMPCfgRstVal][23] bound to: 64'b0000000000000000000000000000000000000000000000000000000000000000 
	Parameter ROCKETCfg[PMPCfgRstVal][22] bound to: 64'b0000000000000000000000000000000000000000000000000000000000000000 
	Parameter ROCKETCfg[PMPCfgRstVal][21] bound to: 64'b0000000000000000000000000000000000000000000000000000000000000000 
	Parameter ROCKETCfg[PMPCfgRstVal][20] bound to: 64'b0000000000000000000000000000000000000000000000000000000000000000 
	Parameter ROCKETCfg[PMPCfgRstVal][19] bound to: 64'b0000000000000000000000000000000000000000000000000000000000000000 
	Parameter ROCKETCfg[PMPCfgRstVal][18] bound to: 64'b0000000000000000000000000000000000000000000000000000000000000000 
	Parameter ROCKETCfg[PMPCfgRstVal][17] bound to: 64'b0000000000000000000000000000000000000000000000000000000000000000 
	Parameter ROCKETCfg[PMPCfgRstVal][16] bound to: 64'b0000000000000000000000000000000000000000000000000000000000000000 
	Parameter ROCKETCfg[PMPCfgRstVal][15] bound to: 64'b0000000000000000000000000000000000000000000000000000000000000000 
	Parameter ROCKETCfg[PMPCfgRstVal][14] bound to: 64'b0000000000000000000000000000000000000000000000000000000000000000 
	Parameter ROCKETCfg[PMPCfgRstVal][13] bound to: 64'b0000000000000000000000000000000000000000000000000000000000000000 
	Parameter ROCKETCfg[PMPCfgRstVal][12] bound to: 64'b0000000000000000000000000000000000000000000000000000000000000000 
	Parameter ROCKETCfg[PMPCfgRstVal][11] bound to: 64'b0000000000000000000000000000000000000000000000000000000000000000 
	Parameter ROCKETCfg[PMPCfgRstVal][10] bound to: 64'b0000000000000000000000000000000000000000000000000000000000000000 
	Parameter ROCKETCfg[PMPCfgRstVal][9] bound to: 64'b0000000000000000000000000000000000000000000000000000000000000000 
	Parameter ROCKETCfg[PMPCfgRstVal][8] bound to: 64'b0000000000000000000000000000000000000000000000000000000000000000 
	Parameter ROCKETCfg[PMPCfgRstVal][7] bound to: 64'b0000000000000000000000000000000000000000000000000000000000000000 
	Parameter ROCKETCfg[PMPCfgRstVal][6] bound to: 64'b0000000000000000000000000000000000000000000000000000000000000000 
	Parameter ROCKETCfg[PMPCfgRstVal][5] bound to: 64'b0000000000000000000000000000000000000000000000000000000000000000 
	Parameter ROCKETCfg[PMPCfgRstVal][4] bound to: 64'b0000000000000000000000000000000000000000000000000000000000000000 
	Parameter ROCKETCfg[PMPCfgRstVal][3] bound to: 64'b0000000000000000000000000000000000000000000000000000000000000000 
	Parameter ROCKETCfg[PMPCfgRstVal][2] bound to: 64'b0000000000000000000000000000000000000000000000000000000000000000 
	Parameter ROCKETCfg[PMPCfgRstVal][1] bound to: 64'b0000000000000000000000000000000000000000000000000000000000000000 
	Parameter ROCKETCfg[PMPCfgRstVal][0] bound to: 64'b0000000000000000000000000000000000000000000000000000000000000000 
	Parameter ROCKETCfg[PMPAddrRstVal][63] bound to: 64'b0000000000000000000000000000000000000000000000000000000000000000 
	Parameter ROCKETCfg[PMPAddrRstVal][62] bound to: 64'b0000000000000000000000000000000000000000000000000000000000000000 
	Parameter ROCKETCfg[PMPAddrRstVal][61] bound to: 64'b0000000000000000000000000000000000000000000000000000000000000000 
	Parameter ROCKETCfg[PMPAddrRstVal][60] bound to: 64'b0000000000000000000000000000000000000000000000000000000000000000 
	Parameter ROCKETCfg[PMPAddrRstVal][59] bound to: 64'b0000000000000000000000000000000000000000000000000000000000000000 
	Parameter ROCKETCfg[PMPAddrRstVal][58] bound to: 64'b0000000000000000000000000000000000000000000000000000000000000000 
	Parameter ROCKETCfg[PMPAddrRstVal][57] bound to: 64'b0000000000000000000000000000000000000000000000000000000000000000 
	Parameter ROCKETCfg[PMPAddrRstVal][56] bound to: 64'b0000000000000000000000000000000000000000000000000000000000000000 
	Parameter ROCKETCfg[PMPAddrRstVal][55] bound to: 64'b0000000000000000000000000000000000000000000000000000000000000000 
	Parameter ROCKETCfg[PMPAddrRstVal][54] bound to: 64'b0000000000000000000000000000000000000000000000000000000000000000 
	Parameter ROCKETCfg[PMPAddrRstVal][53] bound to: 64'b0000000000000000000000000000000000000000000000000000000000000000 
	Parameter ROCKETCfg[PMPAddrRstVal][52] bound to: 64'b0000000000000000000000000000000000000000000000000000000000000000 
	Parameter ROCKETCfg[PMPAddrRstVal][51] bound to: 64'b0000000000000000000000000000000000000000000000000000000000000000 
	Parameter ROCKETCfg[PMPAddrRstVal][50] bound to: 64'b0000000000000000000000000000000000000000000000000000000000000000 
	Parameter ROCKETCfg[PMPAddrRstVal][49] bound to: 64'b0000000000000000000000000000000000000000000000000000000000000000 
	Parameter ROCKETCfg[PMPAddrRstVal][48] bound to: 64'b0000000000000000000000000000000000000000000000000000000000000000 
	Parameter ROCKETCfg[PMPAddrRstVal][47] bound to: 64'b0000000000000000000000000000000000000000000000000000000000000000 
	Parameter ROCKETCfg[PMPAddrRstVal][46] bound to: 64'b0000000000000000000000000000000000000000000000000000000000000000 
	Parameter ROCKETCfg[PMPAddrRstVal][45] bound to: 64'b0000000000000000000000000000000000000000000000000000000000000000 
	Parameter ROCKETCfg[PMPAddrRstVal][44] bound to: 64'b0000000000000000000000000000000000000000000000000000000000000000 
	Parameter ROCKETCfg[PMPAddrRstVal][43] bound to: 64'b0000000000000000000000000000000000000000000000000000000000000000 
	Parameter ROCKETCfg[PMPAddrRstVal][42] bound to: 64'b0000000000000000000000000000000000000000000000000000000000000000 
	Parameter ROCKETCfg[PMPAddrRstVal][41] bound to: 64'b0000000000000000000000000000000000000000000000000000000000000000 
	Parameter ROCKETCfg[PMPAddrRstVal][40] bound to: 64'b0000000000000000000000000000000000000000000000000000000000000000 
	Parameter ROCKETCfg[PMPAddrRstVal][39] bound to: 64'b0000000000000000000000000000000000000000000000000000000000000000 
	Parameter ROCKETCfg[PMPAddrRstVal][38] bound to: 64'b0000000000000000000000000000000000000000000000000000000000000000 
	Parameter ROCKETCfg[PMPAddrRstVal][37] bound to: 64'b0000000000000000000000000000000000000000000000000000000000000000 
	Parameter ROCKETCfg[PMPAddrRstVal][36] bound to: 64'b0000000000000000000000000000000000000000000000000000000000000000 
	Parameter ROCKETCfg[PMPAddrRstVal][35] bound to: 64'b0000000000000000000000000000000000000000000000000000000000000000 
	Parameter ROCKETCfg[PMPAddrRstVal][34] bound to: 64'b0000000000000000000000000000000000000000000000000000000000000000 
	Parameter ROCKETCfg[PMPAddrRstVal][33] bound to: 64'b0000000000000000000000000000000000000000000000000000000000000000 
	Parameter ROCKETCfg[PMPAddrRstVal][32] bound to: 64'b0000000000000000000000000000000000000000000000000000000000000000 
	Parameter ROCKETCfg[PMPAddrRstVal][31] bound to: 64'b0000000000000000000000000000000000000000000000000000000000000000 
	Parameter ROCKETCfg[PMPAddrRstVal][30] bound to: 64'b0000000000000000000000000000000000000000000000000000000000000000 
	Parameter ROCKETCfg[PMPAddrRstVal][29] bound to: 64'b0000000000000000000000000000000000000000000000000000000000000000 
	Parameter ROCKETCfg[PMPAddrRstVal][28] bound to: 64'b0000000000000000000000000000000000000000000000000000000000000000 
	Parameter ROCKETCfg[PMPAddrRstVal][27] bound to: 64'b0000000000000000000000000000000000000000000000000000000000000000 
	Parameter ROCKETCfg[PMPAddrRstVal][26] bound to: 64'b0000000000000000000000000000000000000000000000000000000000000000 
	Parameter ROCKETCfg[PMPAddrRstVal][25] bound to: 64'b0000000000000000000000000000000000000000000000000000000000000000 
	Parameter ROCKETCfg[PMPAddrRstVal][24] bound to: 64'b0000000000000000000000000000000000000000000000000000000000000000 
	Parameter ROCKETCfg[PMPAddrRstVal][23] bound to: 64'b0000000000000000000000000000000000000000000000000000000000000000 
	Parameter ROCKETCfg[PMPAddrRstVal][22] bound to: 64'b0000000000000000000000000000000000000000000000000000000000000000 
	Parameter ROCKETCfg[PMPAddrRstVal][21] bound to: 64'b0000000000000000000000000000000000000000000000000000000000000000 
	Parameter ROCKETCfg[PMPAddrRstVal][20] bound to: 64'b0000000000000000000000000000000000000000000000000000000000000000 
	Parameter ROCKETCfg[PMPAddrRstVal][19] bound to: 64'b0000000000000000000000000000000000000000000000000000000000000000 
	Parameter ROCKETCfg[PMPAddrRstVal][18] bound to: 64'b0000000000000000000000000000000000000000000000000000000000000000 
	Parameter ROCKETCfg[PMPAddrRstVal][17] bound to: 64'b0000000000000000000000000000000000000000000000000000000000000000 
	Parameter ROCKETCfg[PMPAddrRstVal][16] bound to: 64'b0000000000000000000000000000000000000000000000000000000000000000 
	Parameter ROCKETCfg[PMPAddrRstVal][15] bound to: 64'b0000000000000000000000000000000000000000000000000000000000000000 
	Parameter ROCKETCfg[PMPAddrRstVal][14] bound to: 64'b0000000000000000000000000000000000000000000000000000000000000000 
	Parameter ROCKETCfg[PMPAddrRstVal][13] bound to: 64'b0000000000000000000000000000000000000000000000000000000000000000 
	Parameter ROCKETCfg[PMPAddrRstVal][12] bound to: 64'b0000000000000000000000000000000000000000000000000000000000000000 
	Parameter ROCKETCfg[PMPAddrRstVal][11] bound to: 64'b0000000000000000000000000000000000000000000000000000000000000000 
	Parameter ROCKETCfg[PMPAddrRstVal][10] bound to: 64'b0000000000000000000000000000000000000000000000000000000000000000 
	Parameter ROCKETCfg[PMPAddrRstVal][9] bound to: 64'b0000000000000000000000000000000000000000000000000000000000000000 
	Parameter ROCKETCfg[PMPAddrRstVal][8] bound to: 64'b0000000000000000000000000000000000000000000000000000000000000000 
	Parameter ROCKETCfg[PMPAddrRstVal][7] bound to: 64'b0000000000000000000000000000000000000000000000000000000000000000 
	Parameter ROCKETCfg[PMPAddrRstVal][6] bound to: 64'b0000000000000000000000000000000000000000000000000000000000000000 
	Parameter ROCKETCfg[PMPAddrRstVal][5] bound to: 64'b0000000000000000000000000000000000000000000000000000000000000000 
	Parameter ROCKETCfg[PMPAddrRstVal][4] bound to: 64'b0000000000000000000000000000000000000000000000000000000000000000 
	Parameter ROCKETCfg[PMPAddrRstVal][3] bound to: 64'b0000000000000000000000000000000000000000000000000000000000000000 
	Parameter ROCKETCfg[PMPAddrRstVal][2] bound to: 64'b0000000000000000000000000000000000000000000000000000000000000000 
	Parameter ROCKETCfg[PMPAddrRstVal][1] bound to: 64'b0000000000000000000000000000000000000000000000000000000000000000 
	Parameter ROCKETCfg[PMPAddrRstVal][0] bound to: 64'b0000000000000000000000000000000000000000000000000000000000000000 
	Parameter ROCKETCfg[PMPEntryReadOnly] bound to: 64'b0000000000000000000000000000000000000000000000000000000000000000 
	Parameter ROCKETCfg[PMPNapotEn] bound to: 1'b1 
INFO: [Synth 8-6157] synthesizing module 'lzc' [/home/ian/amdFPGA/projects/secure_mem_riscv_ian/rtl/common/lzc.sv:25]
	Parameter WIDTH bound to: 32'b00000000000000000000000000111000 
	Parameter MODE bound to: 1'b0 
INFO: [Synth 8-6155] done synthesizing module 'lzc' (0#1) [/home/ian/amdFPGA/projects/secure_mem_riscv_ian/rtl/common/lzc.sv:25]
INFO: [Synth 8-294] found qualifier unique on case statement: implementing as parallel_case [/home/ian/amdFPGA/projects/secure_mem_riscv_ian/rtl/epmp/epmp_entry.sv:47]
INFO: [Synth 8-6155] done synthesizing module 'epmp_entry' (0#1) [/home/ian/amdFPGA/projects/secure_mem_riscv_ian/rtl/epmp/epmp_entry.sv:1]
INFO: [Synth 8-6155] done synthesizing module 'epmp' (0#1) [/home/ian/amdFPGA/projects/secure_mem_riscv_ian/rtl/epmp/epmp.sv:1]
INFO: [Synth 8-6157] synthesizing module 'memory_encryption_unit' [/home/ian/amdFPGA/projects/secure_mem_riscv_ian/rtl/memory-encryption-unit/memory_encryption_unit.sv:5]
	Parameter OUTER_DATA_WIDTH bound to: 32'sb00000000000000000000000001000000 
	Parameter INNER_DATA_WIDTH bound to: 32'sb00000000000000000000001000000000 
	Parameter SIZE_WIDTH bound to: 32'sb00000000000000000000000000000011 
	Parameter SOURCE_WIDTH bound to: 32'sb00000000000000000000000000001010 
	Parameter ROCKETCfg[XLEN] bound to: 32'b00000000000000000000000001000000 
	Parameter ROCKETCfg[PLEN] bound to: 32'b00000000000000000000000000111000 
	Parameter ROCKETCfg[CACHELINE_WIDTH] bound to: 32'b00000000000000000000001000000000 
	Parameter ROCKETCfg[TL_DATA_WIDTH] bound to: 32'b00000000000000000000000001000000 
	Parameter ROCKETCfg[TL_SIZE_WIDTH] bound to: 32'b00000000000000000000000000000011 
	Parameter ROCKETCfg[TL_ADDRESS_WIDTH] bound to: 32'b00000000000000000000000000100010 
	Parameter ROCKETCfg[NrPMPEntries] bound to: 32'b00000000000000000000000000001000 
	Parameter ROCKETCfg[PMPCfgRstVal][63] bound to: 64'b0000000000000000000000000000000000000000000000000000000000000000 
	Parameter ROCKETCfg[PMPCfgRstVal][62] bound to: 64'b0000000000000000000000000000000000000000000000000000000000000000 
	Parameter ROCKETCfg[PMPCfgRstVal][61] bound to: 64'b0000000000000000000000000000000000000000000000000000000000000000 
	Parameter ROCKETCfg[PMPCfgRstVal][60] bound to: 64'b0000000000000000000000000000000000000000000000000000000000000000 
	Parameter ROCKETCfg[PMPCfgRstVal][59] bound to: 64'b0000000000000000000000000000000000000000000000000000000000000000 
	Parameter ROCKETCfg[PMPCfgRstVal][58] bound to: 64'b0000000000000000000000000000000000000000000000000000000000000000 
	Parameter ROCKETCfg[PMPCfgRstVal][57] bound to: 64'b0000000000000000000000000000000000000000000000000000000000000000 
	Parameter ROCKETCfg[PMPCfgRstVal][56] bound to: 64'b0000000000000000000000000000000000000000000000000000000000000000 
	Parameter ROCKETCfg[PMPCfgRstVal][55] bound to: 64'b0000000000000000000000000000000000000000000000000000000000000000 
	Parameter ROCKETCfg[PMPCfgRstVal][54] bound to: 64'b0000000000000000000000000000000000000000000000000000000000000000 
	Parameter ROCKETCfg[PMPCfgRstVal][53] bound to: 64'b0000000000000000000000000000000000000000000000000000000000000000 
	Parameter ROCKETCfg[PMPCfgRstVal][52] bound to: 64'b0000000000000000000000000000000000000000000000000000000000000000 
	Parameter ROCKETCfg[PMPCfgRstVal][51] bound to: 64'b0000000000000000000000000000000000000000000000000000000000000000 
	Parameter ROCKETCfg[PMPCfgRstVal][50] bound to: 64'b0000000000000000000000000000000000000000000000000000000000000000 
	Parameter ROCKETCfg[PMPCfgRstVal][49] bound to: 64'b0000000000000000000000000000000000000000000000000000000000000000 
	Parameter ROCKETCfg[PMPCfgRstVal][48] bound to: 64'b0000000000000000000000000000000000000000000000000000000000000000 
	Parameter ROCKETCfg[PMPCfgRstVal][47] bound to: 64'b0000000000000000000000000000000000000000000000000000000000000000 
	Parameter ROCKETCfg[PMPCfgRstVal][46] bound to: 64'b0000000000000000000000000000000000000000000000000000000000000000 
	Parameter ROCKETCfg[PMPCfgRstVal][45] bound to: 64'b0000000000000000000000000000000000000000000000000000000000000000 
	Parameter ROCKETCfg[PMPCfgRstVal][44] bound to: 64'b0000000000000000000000000000000000000000000000000000000000000000 
	Parameter ROCKETCfg[PMPCfgRstVal][43] bound to: 64'b0000000000000000000000000000000000000000000000000000000000000000 
	Parameter ROCKETCfg[PMPCfgRstVal][42] bound to: 64'b0000000000000000000000000000000000000000000000000000000000000000 
	Parameter ROCKETCfg[PMPCfgRstVal][41] bound to: 64'b0000000000000000000000000000000000000000000000000000000000000000 
	Parameter ROCKETCfg[PMPCfgRstVal][40] bound to: 64'b0000000000000000000000000000000000000000000000000000000000000000 
	Parameter ROCKETCfg[PMPCfgRstVal][39] bound to: 64'b0000000000000000000000000000000000000000000000000000000000000000 
	Parameter ROCKETCfg[PMPCfgRstVal][38] bound to: 64'b0000000000000000000000000000000000000000000000000000000000000000 
	Parameter ROCKETCfg[PMPCfgRstVal][37] bound to: 64'b0000000000000000000000000000000000000000000000000000000000000000 
	Parameter ROCKETCfg[PMPCfgRstVal][36] bound to: 64'b0000000000000000000000000000000000000000000000000000000000000000 
	Parameter ROCKETCfg[PMPCfgRstVal][35] bound to: 64'b0000000000000000000000000000000000000000000000000000000000000000 
	Parameter ROCKETCfg[PMPCfgRstVal][34] bound to: 64'b0000000000000000000000000000000000000000000000000000000000000000 
	Parameter ROCKETCfg[PMPCfgRstVal][33] bound to: 64'b0000000000000000000000000000000000000000000000000000000000000000 
	Parameter ROCKETCfg[PMPCfgRstVal][32] bound to: 64'b0000000000000000000000000000000000000000000000000000000000000000 
	Parameter ROCKETCfg[PMPCfgRstVal][31] bound to: 64'b0000000000000000000000000000000000000000000000000000000000000000 
	Parameter ROCKETCfg[PMPCfgRstVal][30] bound to: 64'b0000000000000000000000000000000000000000000000000000000000000000 
	Parameter ROCKETCfg[PMPCfgRstVal][29] bound to: 64'b0000000000000000000000000000000000000000000000000000000000000000 
	Parameter ROCKETCfg[PMPCfgRstVal][28] bound to: 64'b0000000000000000000000000000000000000000000000000000000000000000 
	Parameter ROCKETCfg[PMPCfgRstVal][27] bound to: 64'b0000000000000000000000000000000000000000000000000000000000000000 
	Parameter ROCKETCfg[PMPCfgRstVal][26] bound to: 64'b0000000000000000000000000000000000000000000000000000000000000000 
	Parameter ROCKETCfg[PMPCfgRstVal][25] bound to: 64'b0000000000000000000000000000000000000000000000000000000000000000 
	Parameter ROCKETCfg[PMPCfgRstVal][24] bound to: 64'b0000000000000000000000000000000000000000000000000000000000000000 
	Parameter ROCKETCfg[PMPCfgRstVal][23] bound to: 64'b0000000000000000000000000000000000000000000000000000000000000000 
	Parameter ROCKETCfg[PMPCfgRstVal][22] bound to: 64'b0000000000000000000000000000000000000000000000000000000000000000 
	Parameter ROCKETCfg[PMPCfgRstVal][21] bound to: 64'b0000000000000000000000000000000000000000000000000000000000000000 
	Parameter ROCKETCfg[PMPCfgRstVal][20] bound to: 64'b0000000000000000000000000000000000000000000000000000000000000000 
	Parameter ROCKETCfg[PMPCfgRstVal][19] bound to: 64'b0000000000000000000000000000000000000000000000000000000000000000 
	Parameter ROCKETCfg[PMPCfgRstVal][18] bound to: 64'b0000000000000000000000000000000000000000000000000000000000000000 
	Parameter ROCKETCfg[PMPCfgRstVal][17] bound to: 64'b0000000000000000000000000000000000000000000000000000000000000000 
	Parameter ROCKETCfg[PMPCfgRstVal][16] bound to: 64'b0000000000000000000000000000000000000000000000000000000000000000 
	Parameter ROCKETCfg[PMPCfgRstVal][15] bound to: 64'b0000000000000000000000000000000000000000000000000000000000000000 
	Parameter ROCKETCfg[PMPCfgRstVal][14] bound to: 64'b0000000000000000000000000000000000000000000000000000000000000000 
	Parameter ROCKETCfg[PMPCfgRstVal][13] bound to: 64'b0000000000000000000000000000000000000000000000000000000000000000 
	Parameter ROCKETCfg[PMPCfgRstVal][12] bound to: 64'b0000000000000000000000000000000000000000000000000000000000000000 
	Parameter ROCKETCfg[PMPCfgRstVal][11] bound to: 64'b0000000000000000000000000000000000000000000000000000000000000000 
	Parameter ROCKETCfg[PMPCfgRstVal][10] bound to: 64'b0000000000000000000000000000000000000000000000000000000000000000 
	Parameter ROCKETCfg[PMPCfgRstVal][9] bound to: 64'b0000000000000000000000000000000000000000000000000000000000000000 
	Parameter ROCKETCfg[PMPCfgRstVal][8] bound to: 64'b0000000000000000000000000000000000000000000000000000000000000000 
	Parameter ROCKETCfg[PMPCfgRstVal][7] bound to: 64'b0000000000000000000000000000000000000000000000000000000000000000 
	Parameter ROCKETCfg[PMPCfgRstVal][6] bound to: 64'b0000000000000000000000000000000000000000000000000000000000000000 
	Parameter ROCKETCfg[PMPCfgRstVal][5] bound to: 64'b0000000000000000000000000000000000000000000000000000000000000000 
	Parameter ROCKETCfg[PMPCfgRstVal][4] bound to: 64'b0000000000000000000000000000000000000000000000000000000000000000 
	Parameter ROCKETCfg[PMPCfgRstVal][3] bound to: 64'b0000000000000000000000000000000000000000000000000000000000000000 
	Parameter ROCKETCfg[PMPCfgRstVal][2] bound to: 64'b0000000000000000000000000000000000000000000000000000000000000000 
	Parameter ROCKETCfg[PMPCfgRstVal][1] bound to: 64'b0000000000000000000000000000000000000000000000000000000000000000 
	Parameter ROCKETCfg[PMPCfgRstVal][0] bound to: 64'b0000000000000000000000000000000000000000000000000000000000000000 
	Parameter ROCKETCfg[PMPAddrRstVal][63] bound to: 64'b0000000000000000000000000000000000000000000000000000000000000000 
	Parameter ROCKETCfg[PMPAddrRstVal][62] bound to: 64'b0000000000000000000000000000000000000000000000000000000000000000 
	Parameter ROCKETCfg[PMPAddrRstVal][61] bound to: 64'b0000000000000000000000000000000000000000000000000000000000000000 
	Parameter ROCKETCfg[PMPAddrRstVal][60] bound to: 64'b0000000000000000000000000000000000000000000000000000000000000000 
	Parameter ROCKETCfg[PMPAddrRstVal][59] bound to: 64'b0000000000000000000000000000000000000000000000000000000000000000 
	Parameter ROCKETCfg[PMPAddrRstVal][58] bound to: 64'b0000000000000000000000000000000000000000000000000000000000000000 
	Parameter ROCKETCfg[PMPAddrRstVal][57] bound to: 64'b0000000000000000000000000000000000000000000000000000000000000000 
	Parameter ROCKETCfg[PMPAddrRstVal][56] bound to: 64'b0000000000000000000000000000000000000000000000000000000000000000 
	Parameter ROCKETCfg[PMPAddrRstVal][55] bound to: 64'b0000000000000000000000000000000000000000000000000000000000000000 
	Parameter ROCKETCfg[PMPAddrRstVal][54] bound to: 64'b0000000000000000000000000000000000000000000000000000000000000000 
	Parameter ROCKETCfg[PMPAddrRstVal][53] bound to: 64'b0000000000000000000000000000000000000000000000000000000000000000 
	Parameter ROCKETCfg[PMPAddrRstVal][52] bound to: 64'b0000000000000000000000000000000000000000000000000000000000000000 
	Parameter ROCKETCfg[PMPAddrRstVal][51] bound to: 64'b0000000000000000000000000000000000000000000000000000000000000000 
	Parameter ROCKETCfg[PMPAddrRstVal][50] bound to: 64'b0000000000000000000000000000000000000000000000000000000000000000 
	Parameter ROCKETCfg[PMPAddrRstVal][49] bound to: 64'b0000000000000000000000000000000000000000000000000000000000000000 
	Parameter ROCKETCfg[PMPAddrRstVal][48] bound to: 64'b0000000000000000000000000000000000000000000000000000000000000000 
	Parameter ROCKETCfg[PMPAddrRstVal][47] bound to: 64'b0000000000000000000000000000000000000000000000000000000000000000 
	Parameter ROCKETCfg[PMPAddrRstVal][46] bound to: 64'b0000000000000000000000000000000000000000000000000000000000000000 
	Parameter ROCKETCfg[PMPAddrRstVal][45] bound to: 64'b0000000000000000000000000000000000000000000000000000000000000000 
	Parameter ROCKETCfg[PMPAddrRstVal][44] bound to: 64'b0000000000000000000000000000000000000000000000000000000000000000 
	Parameter ROCKETCfg[PMPAddrRstVal][43] bound to: 64'b0000000000000000000000000000000000000000000000000000000000000000 
	Parameter ROCKETCfg[PMPAddrRstVal][42] bound to: 64'b0000000000000000000000000000000000000000000000000000000000000000 
	Parameter ROCKETCfg[PMPAddrRstVal][41] bound to: 64'b0000000000000000000000000000000000000000000000000000000000000000 
	Parameter ROCKETCfg[PMPAddrRstVal][40] bound to: 64'b0000000000000000000000000000000000000000000000000000000000000000 
	Parameter ROCKETCfg[PMPAddrRstVal][39] bound to: 64'b0000000000000000000000000000000000000000000000000000000000000000 
	Parameter ROCKETCfg[PMPAddrRstVal][38] bound to: 64'b0000000000000000000000000000000000000000000000000000000000000000 
	Parameter ROCKETCfg[PMPAddrRstVal][37] bound to: 64'b0000000000000000000000000000000000000000000000000000000000000000 
	Parameter ROCKETCfg[PMPAddrRstVal][36] bound to: 64'b0000000000000000000000000000000000000000000000000000000000000000 
	Parameter ROCKETCfg[PMPAddrRstVal][35] bound to: 64'b0000000000000000000000000000000000000000000000000000000000000000 
	Parameter ROCKETCfg[PMPAddrRstVal][34] bound to: 64'b0000000000000000000000000000000000000000000000000000000000000000 
	Parameter ROCKETCfg[PMPAddrRstVal][33] bound to: 64'b0000000000000000000000000000000000000000000000000000000000000000 
	Parameter ROCKETCfg[PMPAddrRstVal][32] bound to: 64'b0000000000000000000000000000000000000000000000000000000000000000 
	Parameter ROCKETCfg[PMPAddrRstVal][31] bound to: 64'b0000000000000000000000000000000000000000000000000000000000000000 
	Parameter ROCKETCfg[PMPAddrRstVal][30] bound to: 64'b0000000000000000000000000000000000000000000000000000000000000000 
	Parameter ROCKETCfg[PMPAddrRstVal][29] bound to: 64'b0000000000000000000000000000000000000000000000000000000000000000 
	Parameter ROCKETCfg[PMPAddrRstVal][28] bound to: 64'b0000000000000000000000000000000000000000000000000000000000000000 
	Parameter ROCKETCfg[PMPAddrRstVal][27] bound to: 64'b0000000000000000000000000000000000000000000000000000000000000000 
	Parameter ROCKETCfg[PMPAddrRstVal][26] bound to: 64'b0000000000000000000000000000000000000000000000000000000000000000 
	Parameter ROCKETCfg[PMPAddrRstVal][25] bound to: 64'b0000000000000000000000000000000000000000000000000000000000000000 
	Parameter ROCKETCfg[PMPAddrRstVal][24] bound to: 64'b0000000000000000000000000000000000000000000000000000000000000000 
	Parameter ROCKETCfg[PMPAddrRstVal][23] bound to: 64'b0000000000000000000000000000000000000000000000000000000000000000 
	Parameter ROCKETCfg[PMPAddrRstVal][22] bound to: 64'b0000000000000000000000000000000000000000000000000000000000000000 
	Parameter ROCKETCfg[PMPAddrRstVal][21] bound to: 64'b0000000000000000000000000000000000000000000000000000000000000000 
	Parameter ROCKETCfg[PMPAddrRstVal][20] bound to: 64'b0000000000000000000000000000000000000000000000000000000000000000 
	Parameter ROCKETCfg[PMPAddrRstVal][19] bound to: 64'b0000000000000000000000000000000000000000000000000000000000000000 
	Parameter ROCKETCfg[PMPAddrRstVal][18] bound to: 64'b0000000000000000000000000000000000000000000000000000000000000000 
	Parameter ROCKETCfg[PMPAddrRstVal][17] bound to: 64'b0000000000000000000000000000000000000000000000000000000000000000 
	Parameter ROCKETCfg[PMPAddrRstVal][16] bound to: 64'b0000000000000000000000000000000000000000000000000000000000000000 
	Parameter ROCKETCfg[PMPAddrRstVal][15] bound to: 64'b0000000000000000000000000000000000000000000000000000000000000000 
	Parameter ROCKETCfg[PMPAddrRstVal][14] bound to: 64'b0000000000000000000000000000000000000000000000000000000000000000 
	Parameter ROCKETCfg[PMPAddrRstVal][13] bound to: 64'b0000000000000000000000000000000000000000000000000000000000000000 
	Parameter ROCKETCfg[PMPAddrRstVal][12] bound to: 64'b0000000000000000000000000000000000000000000000000000000000000000 
	Parameter ROCKETCfg[PMPAddrRstVal][11] bound to: 64'b0000000000000000000000000000000000000000000000000000000000000000 
	Parameter ROCKETCfg[PMPAddrRstVal][10] bound to: 64'b0000000000000000000000000000000000000000000000000000000000000000 
	Parameter ROCKETCfg[PMPAddrRstVal][9] bound to: 64'b0000000000000000000000000000000000000000000000000000000000000000 
	Parameter ROCKETCfg[PMPAddrRstVal][8] bound to: 64'b0000000000000000000000000000000000000000000000000000000000000000 
	Parameter ROCKETCfg[PMPAddrRstVal][7] bound to: 64'b0000000000000000000000000000000000000000000000000000000000000000 
	Parameter ROCKETCfg[PMPAddrRstVal][6] bound to: 64'b0000000000000000000000000000000000000000000000000000000000000000 
	Parameter ROCKETCfg[PMPAddrRstVal][5] bound to: 64'b0000000000000000000000000000000000000000000000000000000000000000 
	Parameter ROCKETCfg[PMPAddrRstVal][4] bound to: 64'b0000000000000000000000000000000000000000000000000000000000000000 
	Parameter ROCKETCfg[PMPAddrRstVal][3] bound to: 64'b0000000000000000000000000000000000000000000000000000000000000000 
	Parameter ROCKETCfg[PMPAddrRstVal][2] bound to: 64'b0000000000000000000000000000000000000000000000000000000000000000 
	Parameter ROCKETCfg[PMPAddrRstVal][1] bound to: 64'b0000000000000000000000000000000000000000000000000000000000000000 
	Parameter ROCKETCfg[PMPAddrRstVal][0] bound to: 64'b0000000000000000000000000000000000000000000000000000000000000000 
	Parameter ROCKETCfg[PMPEntryReadOnly] bound to: 64'b0000000000000000000000000000000000000000000000000000000000000000 
	Parameter ROCKETCfg[PMPNapotEn] bound to: 1'b1 
INFO: [Synth 8-6157] synthesizing module 'sm_addr_mapper' [/home/ian/amdFPGA/projects/secure_mem_riscv_ian/rtl/memory-controller/sm_addr_mapper.sv:6]
	Parameter ROCKETCfg[XLEN] bound to: 32'b00000000000000000000000001000000 
	Parameter ROCKETCfg[PLEN] bound to: 32'b00000000000000000000000000111000 
	Parameter ROCKETCfg[CACHELINE_WIDTH] bound to: 32'b00000000000000000000001000000000 
	Parameter ROCKETCfg[TL_DATA_WIDTH] bound to: 32'b00000000000000000000000001000000 
	Parameter ROCKETCfg[TL_SIZE_WIDTH] bound to: 32'b00000000000000000000000000000011 
	Parameter ROCKETCfg[TL_ADDRESS_WIDTH] bound to: 32'b00000000000000000000000000100010 
	Parameter ROCKETCfg[NrPMPEntries] bound to: 32'b00000000000000000000000000001000 
	Parameter ROCKETCfg[PMPCfgRstVal][63] bound to: 64'b0000000000000000000000000000000000000000000000000000000000000000 
	Parameter ROCKETCfg[PMPCfgRstVal][62] bound to: 64'b0000000000000000000000000000000000000000000000000000000000000000 
	Parameter ROCKETCfg[PMPCfgRstVal][61] bound to: 64'b0000000000000000000000000000000000000000000000000000000000000000 
	Parameter ROCKETCfg[PMPCfgRstVal][60] bound to: 64'b0000000000000000000000000000000000000000000000000000000000000000 
	Parameter ROCKETCfg[PMPCfgRstVal][59] bound to: 64'b0000000000000000000000000000000000000000000000000000000000000000 
	Parameter ROCKETCfg[PMPCfgRstVal][58] bound to: 64'b0000000000000000000000000000000000000000000000000000000000000000 
	Parameter ROCKETCfg[PMPCfgRstVal][57] bound to: 64'b0000000000000000000000000000000000000000000000000000000000000000 
	Parameter ROCKETCfg[PMPCfgRstVal][56] bound to: 64'b0000000000000000000000000000000000000000000000000000000000000000 
	Parameter ROCKETCfg[PMPCfgRstVal][55] bound to: 64'b0000000000000000000000000000000000000000000000000000000000000000 
	Parameter ROCKETCfg[PMPCfgRstVal][54] bound to: 64'b0000000000000000000000000000000000000000000000000000000000000000 
	Parameter ROCKETCfg[PMPCfgRstVal][53] bound to: 64'b0000000000000000000000000000000000000000000000000000000000000000 
	Parameter ROCKETCfg[PMPCfgRstVal][52] bound to: 64'b0000000000000000000000000000000000000000000000000000000000000000 
	Parameter ROCKETCfg[PMPCfgRstVal][51] bound to: 64'b0000000000000000000000000000000000000000000000000000000000000000 
	Parameter ROCKETCfg[PMPCfgRstVal][50] bound to: 64'b0000000000000000000000000000000000000000000000000000000000000000 
	Parameter ROCKETCfg[PMPCfgRstVal][49] bound to: 64'b0000000000000000000000000000000000000000000000000000000000000000 
	Parameter ROCKETCfg[PMPCfgRstVal][48] bound to: 64'b0000000000000000000000000000000000000000000000000000000000000000 
	Parameter ROCKETCfg[PMPCfgRstVal][47] bound to: 64'b0000000000000000000000000000000000000000000000000000000000000000 
	Parameter ROCKETCfg[PMPCfgRstVal][46] bound to: 64'b0000000000000000000000000000000000000000000000000000000000000000 
	Parameter ROCKETCfg[PMPCfgRstVal][45] bound to: 64'b0000000000000000000000000000000000000000000000000000000000000000 
	Parameter ROCKETCfg[PMPCfgRstVal][44] bound to: 64'b0000000000000000000000000000000000000000000000000000000000000000 
	Parameter ROCKETCfg[PMPCfgRstVal][43] bound to: 64'b0000000000000000000000000000000000000000000000000000000000000000 
	Parameter ROCKETCfg[PMPCfgRstVal][42] bound to: 64'b0000000000000000000000000000000000000000000000000000000000000000 
	Parameter ROCKETCfg[PMPCfgRstVal][41] bound to: 64'b0000000000000000000000000000000000000000000000000000000000000000 
	Parameter ROCKETCfg[PMPCfgRstVal][40] bound to: 64'b0000000000000000000000000000000000000000000000000000000000000000 
	Parameter ROCKETCfg[PMPCfgRstVal][39] bound to: 64'b0000000000000000000000000000000000000000000000000000000000000000 
	Parameter ROCKETCfg[PMPCfgRstVal][38] bound to: 64'b0000000000000000000000000000000000000000000000000000000000000000 
	Parameter ROCKETCfg[PMPCfgRstVal][37] bound to: 64'b0000000000000000000000000000000000000000000000000000000000000000 
	Parameter ROCKETCfg[PMPCfgRstVal][36] bound to: 64'b0000000000000000000000000000000000000000000000000000000000000000 
	Parameter ROCKETCfg[PMPCfgRstVal][35] bound to: 64'b0000000000000000000000000000000000000000000000000000000000000000 
	Parameter ROCKETCfg[PMPCfgRstVal][34] bound to: 64'b0000000000000000000000000000000000000000000000000000000000000000 
	Parameter ROCKETCfg[PMPCfgRstVal][33] bound to: 64'b0000000000000000000000000000000000000000000000000000000000000000 
	Parameter ROCKETCfg[PMPCfgRstVal][32] bound to: 64'b0000000000000000000000000000000000000000000000000000000000000000 
	Parameter ROCKETCfg[PMPCfgRstVal][31] bound to: 64'b0000000000000000000000000000000000000000000000000000000000000000 
	Parameter ROCKETCfg[PMPCfgRstVal][30] bound to: 64'b0000000000000000000000000000000000000000000000000000000000000000 
	Parameter ROCKETCfg[PMPCfgRstVal][29] bound to: 64'b0000000000000000000000000000000000000000000000000000000000000000 
	Parameter ROCKETCfg[PMPCfgRstVal][28] bound to: 64'b0000000000000000000000000000000000000000000000000000000000000000 
	Parameter ROCKETCfg[PMPCfgRstVal][27] bound to: 64'b0000000000000000000000000000000000000000000000000000000000000000 
	Parameter ROCKETCfg[PMPCfgRstVal][26] bound to: 64'b0000000000000000000000000000000000000000000000000000000000000000 
	Parameter ROCKETCfg[PMPCfgRstVal][25] bound to: 64'b0000000000000000000000000000000000000000000000000000000000000000 
	Parameter ROCKETCfg[PMPCfgRstVal][24] bound to: 64'b0000000000000000000000000000000000000000000000000000000000000000 
	Parameter ROCKETCfg[PMPCfgRstVal][23] bound to: 64'b0000000000000000000000000000000000000000000000000000000000000000 
	Parameter ROCKETCfg[PMPCfgRstVal][22] bound to: 64'b0000000000000000000000000000000000000000000000000000000000000000 
	Parameter ROCKETCfg[PMPCfgRstVal][21] bound to: 64'b0000000000000000000000000000000000000000000000000000000000000000 
	Parameter ROCKETCfg[PMPCfgRstVal][20] bound to: 64'b0000000000000000000000000000000000000000000000000000000000000000 
	Parameter ROCKETCfg[PMPCfgRstVal][19] bound to: 64'b0000000000000000000000000000000000000000000000000000000000000000 
	Parameter ROCKETCfg[PMPCfgRstVal][18] bound to: 64'b0000000000000000000000000000000000000000000000000000000000000000 
	Parameter ROCKETCfg[PMPCfgRstVal][17] bound to: 64'b0000000000000000000000000000000000000000000000000000000000000000 
	Parameter ROCKETCfg[PMPCfgRstVal][16] bound to: 64'b0000000000000000000000000000000000000000000000000000000000000000 
	Parameter ROCKETCfg[PMPCfgRstVal][15] bound to: 64'b0000000000000000000000000000000000000000000000000000000000000000 
	Parameter ROCKETCfg[PMPCfgRstVal][14] bound to: 64'b0000000000000000000000000000000000000000000000000000000000000000 
	Parameter ROCKETCfg[PMPCfgRstVal][13] bound to: 64'b0000000000000000000000000000000000000000000000000000000000000000 
	Parameter ROCKETCfg[PMPCfgRstVal][12] bound to: 64'b0000000000000000000000000000000000000000000000000000000000000000 
	Parameter ROCKETCfg[PMPCfgRstVal][11] bound to: 64'b0000000000000000000000000000000000000000000000000000000000000000 
	Parameter ROCKETCfg[PMPCfgRstVal][10] bound to: 64'b0000000000000000000000000000000000000000000000000000000000000000 
	Parameter ROCKETCfg[PMPCfgRstVal][9] bound to: 64'b0000000000000000000000000000000000000000000000000000000000000000 
	Parameter ROCKETCfg[PMPCfgRstVal][8] bound to: 64'b0000000000000000000000000000000000000000000000000000000000000000 
	Parameter ROCKETCfg[PMPCfgRstVal][7] bound to: 64'b0000000000000000000000000000000000000000000000000000000000000000 
	Parameter ROCKETCfg[PMPCfgRstVal][6] bound to: 64'b0000000000000000000000000000000000000000000000000000000000000000 
	Parameter ROCKETCfg[PMPCfgRstVal][5] bound to: 64'b0000000000000000000000000000000000000000000000000000000000000000 
	Parameter ROCKETCfg[PMPCfgRstVal][4] bound to: 64'b0000000000000000000000000000000000000000000000000000000000000000 
	Parameter ROCKETCfg[PMPCfgRstVal][3] bound to: 64'b0000000000000000000000000000000000000000000000000000000000000000 
	Parameter ROCKETCfg[PMPCfgRstVal][2] bound to: 64'b0000000000000000000000000000000000000000000000000000000000000000 
	Parameter ROCKETCfg[PMPCfgRstVal][1] bound to: 64'b0000000000000000000000000000000000000000000000000000000000000000 
	Parameter ROCKETCfg[PMPCfgRstVal][0] bound to: 64'b0000000000000000000000000000000000000000000000000000000000000000 
	Parameter ROCKETCfg[PMPAddrRstVal][63] bound to: 64'b0000000000000000000000000000000000000000000000000000000000000000 
	Parameter ROCKETCfg[PMPAddrRstVal][62] bound to: 64'b0000000000000000000000000000000000000000000000000000000000000000 
	Parameter ROCKETCfg[PMPAddrRstVal][61] bound to: 64'b0000000000000000000000000000000000000000000000000000000000000000 
	Parameter ROCKETCfg[PMPAddrRstVal][60] bound to: 64'b0000000000000000000000000000000000000000000000000000000000000000 
	Parameter ROCKETCfg[PMPAddrRstVal][59] bound to: 64'b0000000000000000000000000000000000000000000000000000000000000000 
	Parameter ROCKETCfg[PMPAddrRstVal][58] bound to: 64'b0000000000000000000000000000000000000000000000000000000000000000 
	Parameter ROCKETCfg[PMPAddrRstVal][57] bound to: 64'b0000000000000000000000000000000000000000000000000000000000000000 
	Parameter ROCKETCfg[PMPAddrRstVal][56] bound to: 64'b0000000000000000000000000000000000000000000000000000000000000000 
	Parameter ROCKETCfg[PMPAddrRstVal][55] bound to: 64'b0000000000000000000000000000000000000000000000000000000000000000 
	Parameter ROCKETCfg[PMPAddrRstVal][54] bound to: 64'b0000000000000000000000000000000000000000000000000000000000000000 
	Parameter ROCKETCfg[PMPAddrRstVal][53] bound to: 64'b0000000000000000000000000000000000000000000000000000000000000000 
	Parameter ROCKETCfg[PMPAddrRstVal][52] bound to: 64'b0000000000000000000000000000000000000000000000000000000000000000 
	Parameter ROCKETCfg[PMPAddrRstVal][51] bound to: 64'b0000000000000000000000000000000000000000000000000000000000000000 
	Parameter ROCKETCfg[PMPAddrRstVal][50] bound to: 64'b0000000000000000000000000000000000000000000000000000000000000000 
	Parameter ROCKETCfg[PMPAddrRstVal][49] bound to: 64'b0000000000000000000000000000000000000000000000000000000000000000 
	Parameter ROCKETCfg[PMPAddrRstVal][48] bound to: 64'b0000000000000000000000000000000000000000000000000000000000000000 
	Parameter ROCKETCfg[PMPAddrRstVal][47] bound to: 64'b0000000000000000000000000000000000000000000000000000000000000000 
	Parameter ROCKETCfg[PMPAddrRstVal][46] bound to: 64'b0000000000000000000000000000000000000000000000000000000000000000 
	Parameter ROCKETCfg[PMPAddrRstVal][45] bound to: 64'b0000000000000000000000000000000000000000000000000000000000000000 
	Parameter ROCKETCfg[PMPAddrRstVal][44] bound to: 64'b0000000000000000000000000000000000000000000000000000000000000000 
	Parameter ROCKETCfg[PMPAddrRstVal][43] bound to: 64'b0000000000000000000000000000000000000000000000000000000000000000 
	Parameter ROCKETCfg[PMPAddrRstVal][42] bound to: 64'b0000000000000000000000000000000000000000000000000000000000000000 
	Parameter ROCKETCfg[PMPAddrRstVal][41] bound to: 64'b0000000000000000000000000000000000000000000000000000000000000000 
	Parameter ROCKETCfg[PMPAddrRstVal][40] bound to: 64'b0000000000000000000000000000000000000000000000000000000000000000 
	Parameter ROCKETCfg[PMPAddrRstVal][39] bound to: 64'b0000000000000000000000000000000000000000000000000000000000000000 
	Parameter ROCKETCfg[PMPAddrRstVal][38] bound to: 64'b0000000000000000000000000000000000000000000000000000000000000000 
	Parameter ROCKETCfg[PMPAddrRstVal][37] bound to: 64'b0000000000000000000000000000000000000000000000000000000000000000 
	Parameter ROCKETCfg[PMPAddrRstVal][36] bound to: 64'b0000000000000000000000000000000000000000000000000000000000000000 
	Parameter ROCKETCfg[PMPAddrRstVal][35] bound to: 64'b0000000000000000000000000000000000000000000000000000000000000000 
	Parameter ROCKETCfg[PMPAddrRstVal][34] bound to: 64'b0000000000000000000000000000000000000000000000000000000000000000 
	Parameter ROCKETCfg[PMPAddrRstVal][33] bound to: 64'b0000000000000000000000000000000000000000000000000000000000000000 
	Parameter ROCKETCfg[PMPAddrRstVal][32] bound to: 64'b0000000000000000000000000000000000000000000000000000000000000000 
	Parameter ROCKETCfg[PMPAddrRstVal][31] bound to: 64'b0000000000000000000000000000000000000000000000000000000000000000 
	Parameter ROCKETCfg[PMPAddrRstVal][30] bound to: 64'b0000000000000000000000000000000000000000000000000000000000000000 
	Parameter ROCKETCfg[PMPAddrRstVal][29] bound to: 64'b0000000000000000000000000000000000000000000000000000000000000000 
	Parameter ROCKETCfg[PMPAddrRstVal][28] bound to: 64'b0000000000000000000000000000000000000000000000000000000000000000 
	Parameter ROCKETCfg[PMPAddrRstVal][27] bound to: 64'b0000000000000000000000000000000000000000000000000000000000000000 
	Parameter ROCKETCfg[PMPAddrRstVal][26] bound to: 64'b0000000000000000000000000000000000000000000000000000000000000000 
	Parameter ROCKETCfg[PMPAddrRstVal][25] bound to: 64'b0000000000000000000000000000000000000000000000000000000000000000 
	Parameter ROCKETCfg[PMPAddrRstVal][24] bound to: 64'b0000000000000000000000000000000000000000000000000000000000000000 
	Parameter ROCKETCfg[PMPAddrRstVal][23] bound to: 64'b0000000000000000000000000000000000000000000000000000000000000000 
	Parameter ROCKETCfg[PMPAddrRstVal][22] bound to: 64'b0000000000000000000000000000000000000000000000000000000000000000 
	Parameter ROCKETCfg[PMPAddrRstVal][21] bound to: 64'b0000000000000000000000000000000000000000000000000000000000000000 
	Parameter ROCKETCfg[PMPAddrRstVal][20] bound to: 64'b0000000000000000000000000000000000000000000000000000000000000000 
	Parameter ROCKETCfg[PMPAddrRstVal][19] bound to: 64'b0000000000000000000000000000000000000000000000000000000000000000 
	Parameter ROCKETCfg[PMPAddrRstVal][18] bound to: 64'b0000000000000000000000000000000000000000000000000000000000000000 
	Parameter ROCKETCfg[PMPAddrRstVal][17] bound to: 64'b0000000000000000000000000000000000000000000000000000000000000000 
	Parameter ROCKETCfg[PMPAddrRstVal][16] bound to: 64'b0000000000000000000000000000000000000000000000000000000000000000 
	Parameter ROCKETCfg[PMPAddrRstVal][15] bound to: 64'b0000000000000000000000000000000000000000000000000000000000000000 
	Parameter ROCKETCfg[PMPAddrRstVal][14] bound to: 64'b0000000000000000000000000000000000000000000000000000000000000000 
	Parameter ROCKETCfg[PMPAddrRstVal][13] bound to: 64'b0000000000000000000000000000000000000000000000000000000000000000 
	Parameter ROCKETCfg[PMPAddrRstVal][12] bound to: 64'b0000000000000000000000000000000000000000000000000000000000000000 
	Parameter ROCKETCfg[PMPAddrRstVal][11] bound to: 64'b0000000000000000000000000000000000000000000000000000000000000000 
	Parameter ROCKETCfg[PMPAddrRstVal][10] bound to: 64'b0000000000000000000000000000000000000000000000000000000000000000 
	Parameter ROCKETCfg[PMPAddrRstVal][9] bound to: 64'b0000000000000000000000000000000000000000000000000000000000000000 
	Parameter ROCKETCfg[PMPAddrRstVal][8] bound to: 64'b0000000000000000000000000000000000000000000000000000000000000000 
	Parameter ROCKETCfg[PMPAddrRstVal][7] bound to: 64'b0000000000000000000000000000000000000000000000000000000000000000 
	Parameter ROCKETCfg[PMPAddrRstVal][6] bound to: 64'b0000000000000000000000000000000000000000000000000000000000000000 
	Parameter ROCKETCfg[PMPAddrRstVal][5] bound to: 64'b0000000000000000000000000000000000000000000000000000000000000000 
	Parameter ROCKETCfg[PMPAddrRstVal][4] bound to: 64'b0000000000000000000000000000000000000000000000000000000000000000 
	Parameter ROCKETCfg[PMPAddrRstVal][3] bound to: 64'b0000000000000000000000000000000000000000000000000000000000000000 
	Parameter ROCKETCfg[PMPAddrRstVal][2] bound to: 64'b0000000000000000000000000000000000000000000000000000000000000000 
	Parameter ROCKETCfg[PMPAddrRstVal][1] bound to: 64'b0000000000000000000000000000000000000000000000000000000000000000 
	Parameter ROCKETCfg[PMPAddrRstVal][0] bound to: 64'b0000000000000000000000000000000000000000000000000000000000000000 
	Parameter ROCKETCfg[PMPEntryReadOnly] bound to: 64'b0000000000000000000000000000000000000000000000000000000000000000 
	Parameter ROCKETCfg[PMPNapotEn] bound to: 1'b1 
INFO: [Synth 8-6155] done synthesizing module 'sm_addr_mapper' (0#1) [/home/ian/amdFPGA/projects/secure_mem_riscv_ian/rtl/memory-controller/sm_addr_mapper.sv:6]
INFO: [Synth 8-6157] synthesizing module 'ztlassembler' [/home/ian/amdFPGA/projects/secure_mem_riscv_ian/rtl/tilelink/ztl_assembler.sv:5]
	Parameter SRC_DATA_WIDTH bound to: 32'sb00000000000000000000000001000000 
	Parameter SINK_DATA_WIDTH bound to: 32'sb00000000000000000000001000000000 
	Parameter SIZE_WIDTH bound to: 32'sb00000000000000000000000000000011 
	Parameter SOURCE_WIDTH bound to: 32'sb00000000000000000000000000001010 
INFO: [Synth 8-6155] done synthesizing module 'ztlassembler' (0#1) [/home/ian/amdFPGA/projects/secure_mem_riscv_ian/rtl/tilelink/ztl_assembler.sv:5]
INFO: [Synth 8-6157] synthesizing module 'ztl_fragmenter' [/home/ian/amdFPGA/projects/secure_mem_riscv_ian/rtl/tilelink/ztl_fragmenter.sv:5]
	Parameter SRC_DATA_BITS bound to: 32'sb00000000000000000000001000000000 
	Parameter SINK_DATA_BITS bound to: 32'sb00000000000000000000000001000000 
	Parameter SIZE_BITS bound to: 32'sb00000000000000000000000000000011 
	Parameter SOURCE_BITS bound to: 32'sb00000000000000000000000000001010 
INFO: [Synth 8-6155] done synthesizing module 'ztl_fragmenter' (0#1) [/home/ian/amdFPGA/projects/secure_mem_riscv_ian/rtl/tilelink/ztl_fragmenter.sv:5]
INFO: [Synth 8-6157] synthesizing module 'aes_ctr_nx128' [/home/ian/amdFPGA/projects/secure_mem_riscv_ian/rtl/memory-encryption-unit/aes_ctr_nx128.sv:9]
	Parameter DATA_WIDTH bound to: 32'sb00000000000000000000001000000000 
	Parameter AES_KEY bound to: 256'b0010101101111110000101010001011000101000101011101101001010100110101010111111011100010101100010000000100111001111010011110011110000000000000000000000000000000000000000000000000000000000000000000000000000000000000000000000000000000000000000000000000000000000 
	Parameter AES_KEYLEN bound to: 1'b0 
INFO: [Synth 8-6157] synthesizing module 'aes_core' [/home/ian/amdFPGA/projects/secure_mem_riscv_ian/rtl/aes/aes_core.v:42]
INFO: [Synth 8-6157] synthesizing module 'aes_encipher_block' [/home/ian/amdFPGA/projects/secure_mem_riscv_ian/rtl/aes/aes_encipher_block.v:43]
INFO: [Synth 8-226] default block is never used [/home/ian/amdFPGA/projects/secure_mem_riscv_ian/rtl/aes/aes_encipher_block.v:423]
INFO: [Synth 8-6155] done synthesizing module 'aes_encipher_block' (0#1) [/home/ian/amdFPGA/projects/secure_mem_riscv_ian/rtl/aes/aes_encipher_block.v:43]
INFO: [Synth 8-6157] synthesizing module 'aes_decipher_block' [/home/ian/amdFPGA/projects/secure_mem_riscv_ian/rtl/aes/aes_decipher_block.v:43]
INFO: [Synth 8-6157] synthesizing module 'aes_inv_sbox' [/home/ian/amdFPGA/projects/secure_mem_riscv_ian/rtl/aes/aes_inv_sbox.v:40]
INFO: [Synth 8-6155] done synthesizing module 'aes_inv_sbox' (0#1) [/home/ian/amdFPGA/projects/secure_mem_riscv_ian/rtl/aes/aes_inv_sbox.v:40]
INFO: [Synth 8-226] default block is never used [/home/ian/amdFPGA/projects/secure_mem_riscv_ian/rtl/aes/aes_decipher_block.v:463]
INFO: [Synth 8-6155] done synthesizing module 'aes_decipher_block' (0#1) [/home/ian/amdFPGA/projects/secure_mem_riscv_ian/rtl/aes/aes_decipher_block.v:43]
INFO: [Synth 8-6157] synthesizing module 'aes_key_mem' [/home/ian/amdFPGA/projects/secure_mem_riscv_ian/rtl/aes/aes_key_mem.v:41]
INFO: [Synth 8-226] default block is never used [/home/ian/amdFPGA/projects/secure_mem_riscv_ian/rtl/aes/aes_key_mem.v:236]
INFO: [Synth 8-6155] done synthesizing module 'aes_key_mem' (0#1) [/home/ian/amdFPGA/projects/secure_mem_riscv_ian/rtl/aes/aes_key_mem.v:41]
INFO: [Synth 8-6157] synthesizing module 'aes_sbox' [/home/ian/amdFPGA/projects/secure_mem_riscv_ian/rtl/aes/aes_sbox.v:42]
INFO: [Synth 8-6155] done synthesizing module 'aes_sbox' (0#1) [/home/ian/amdFPGA/projects/secure_mem_riscv_ian/rtl/aes/aes_sbox.v:42]
INFO: [Synth 8-6155] done synthesizing module 'aes_core' (0#1) [/home/ian/amdFPGA/projects/secure_mem_riscv_ian/rtl/aes/aes_core.v:42]
INFO: [Synth 8-294] found qualifier unique on case statement: implementing as parallel_case [/home/ian/amdFPGA/projects/secure_mem_riscv_ian/rtl/memory-encryption-unit/aes_ctr_nx128.sv:74]
INFO: [Synth 8-226] default block is never used [/home/ian/amdFPGA/projects/secure_mem_riscv_ian/rtl/memory-encryption-unit/aes_ctr_nx128.sv:74]
INFO: [Synth 8-6155] done synthesizing module 'aes_ctr_nx128' (0#1) [/home/ian/amdFPGA/projects/secure_mem_riscv_ian/rtl/memory-encryption-unit/aes_ctr_nx128.sv:9]
INFO: [Synth 8-294] found qualifier unique on case statement: implementing as parallel_case [/home/ian/amdFPGA/projects/secure_mem_riscv_ian/rtl/memory-encryption-unit/memory_encryption_unit.sv:279]
INFO: [Synth 8-6155] done synthesizing module 'memory_encryption_unit' (0#1) [/home/ian/amdFPGA/projects/secure_mem_riscv_ian/rtl/memory-encryption-unit/memory_encryption_unit.sv:5]
INFO: [Synth 8-6155] done synthesizing module 'secure_memory_controller' (0#1) [/home/ian/amdFPGA/projects/secure_mem_riscv_ian/rtl/memory-controller/secure_memory_controller.sv:5]
INFO: [Synth 8-6155] done synthesizing module 'MemoryControllerWrapperTL' (0#1) [/home/ian/amdFPGA/projects/secure_mem_riscv_ian/rtl/top/MemoryControllerWrapperTL.sv:10]
WARNING: [Synth 8-6014] Unused sequential element is_put_q_reg was removed.  [/home/ian/amdFPGA/projects/secure_mem_riscv_ian/rtl/memory-encryption-unit/memory_encryption_unit.sv:431]
WARNING: [Synth 8-7129] Port pmpcfg_i[7][locked] in module sm_addr_mapper is either unconnected or has no load
WARNING: [Synth 8-7129] Port pmpcfg_i[7][reserved] in module sm_addr_mapper is either unconnected or has no load
WARNING: [Synth 8-7129] Port pmpcfg_i[7][ee] in module sm_addr_mapper is either unconnected or has no load
WARNING: [Synth 8-7129] Port pmpcfg_i[7][access_type][x] in module sm_addr_mapper is either unconnected or has no load
WARNING: [Synth 8-7129] Port pmpcfg_i[7][access_type][w] in module sm_addr_mapper is either unconnected or has no load
WARNING: [Synth 8-7129] Port pmpcfg_i[7][access_type][r] in module sm_addr_mapper is either unconnected or has no load
WARNING: [Synth 8-7129] Port pmpcfg_i[6][locked] in module sm_addr_mapper is either unconnected or has no load
WARNING: [Synth 8-7129] Port pmpcfg_i[6][reserved] in module sm_addr_mapper is either unconnected or has no load
WARNING: [Synth 8-7129] Port pmpcfg_i[6][ee] in module sm_addr_mapper is either unconnected or has no load
WARNING: [Synth 8-7129] Port pmpcfg_i[6][access_type][x] in module sm_addr_mapper is either unconnected or has no load
WARNING: [Synth 8-7129] Port pmpcfg_i[6][access_type][w] in module sm_addr_mapper is either unconnected or has no load
WARNING: [Synth 8-7129] Port pmpcfg_i[6][access_type][r] in module sm_addr_mapper is either unconnected or has no load
WARNING: [Synth 8-7129] Port pmpcfg_i[5][locked] in module sm_addr_mapper is either unconnected or has no load
WARNING: [Synth 8-7129] Port pmpcfg_i[5][reserved] in module sm_addr_mapper is either unconnected or has no load
WARNING: [Synth 8-7129] Port pmpcfg_i[5][ee] in module sm_addr_mapper is either unconnected or has no load
WARNING: [Synth 8-7129] Port pmpcfg_i[5][access_type][x] in module sm_addr_mapper is either unconnected or has no load
WARNING: [Synth 8-7129] Port pmpcfg_i[5][access_type][w] in module sm_addr_mapper is either unconnected or has no load
WARNING: [Synth 8-7129] Port pmpcfg_i[5][access_type][r] in module sm_addr_mapper is either unconnected or has no load
WARNING: [Synth 8-7129] Port pmpcfg_i[4][locked] in module sm_addr_mapper is either unconnected or has no load
WARNING: [Synth 8-7129] Port pmpcfg_i[4][reserved] in module sm_addr_mapper is either unconnected or has no load
WARNING: [Synth 8-7129] Port pmpcfg_i[4][ee] in module sm_addr_mapper is either unconnected or has no load
WARNING: [Synth 8-7129] Port pmpcfg_i[4][access_type][x] in module sm_addr_mapper is either unconnected or has no load
WARNING: [Synth 8-7129] Port pmpcfg_i[4][access_type][w] in module sm_addr_mapper is either unconnected or has no load
WARNING: [Synth 8-7129] Port pmpcfg_i[4][access_type][r] in module sm_addr_mapper is either unconnected or has no load
WARNING: [Synth 8-7129] Port pmpcfg_i[3][locked] in module sm_addr_mapper is either unconnected or has no load
WARNING: [Synth 8-7129] Port pmpcfg_i[3][reserved] in module sm_addr_mapper is either unconnected or has no load
WARNING: [Synth 8-7129] Port pmpcfg_i[3][ee] in module sm_addr_mapper is either unconnected or has no load
WARNING: [Synth 8-7129] Port pmpcfg_i[3][access_type][x] in module sm_addr_mapper is either unconnected or has no load
WARNING: [Synth 8-7129] Port pmpcfg_i[3][access_type][w] in module sm_addr_mapper is either unconnected or has no load
WARNING: [Synth 8-7129] Port pmpcfg_i[3][access_type][r] in module sm_addr_mapper is either unconnected or has no load
WARNING: [Synth 8-7129] Port pmpcfg_i[2][locked] in module sm_addr_mapper is either unconnected or has no load
WARNING: [Synth 8-7129] Port pmpcfg_i[2][reserved] in module sm_addr_mapper is either unconnected or has no load
WARNING: [Synth 8-7129] Port pmpcfg_i[2][ee] in module sm_addr_mapper is either unconnected or has no load
WARNING: [Synth 8-7129] Port pmpcfg_i[2][access_type][x] in module sm_addr_mapper is either unconnected or has no load
WARNING: [Synth 8-7129] Port pmpcfg_i[2][access_type][w] in module sm_addr_mapper is either unconnected or has no load
WARNING: [Synth 8-7129] Port pmpcfg_i[2][access_type][r] in module sm_addr_mapper is either unconnected or has no load
WARNING: [Synth 8-7129] Port pmpcfg_i[1][locked] in module sm_addr_mapper is either unconnected or has no load
WARNING: [Synth 8-7129] Port pmpcfg_i[1][reserved] in module sm_addr_mapper is either unconnected or has no load
WARNING: [Synth 8-7129] Port pmpcfg_i[1][ee] in module sm_addr_mapper is either unconnected or has no load
WARNING: [Synth 8-7129] Port pmpcfg_i[1][access_type][x] in module sm_addr_mapper is either unconnected or has no load
WARNING: [Synth 8-7129] Port pmpcfg_i[1][access_type][w] in module sm_addr_mapper is either unconnected or has no load
WARNING: [Synth 8-7129] Port pmpcfg_i[1][access_type][r] in module sm_addr_mapper is either unconnected or has no load
WARNING: [Synth 8-7129] Port pmpcfg_i[0][locked] in module sm_addr_mapper is either unconnected or has no load
WARNING: [Synth 8-7129] Port pmpcfg_i[0][reserved] in module sm_addr_mapper is either unconnected or has no load
WARNING: [Synth 8-7129] Port pmpcfg_i[0][ee] in module sm_addr_mapper is either unconnected or has no load
WARNING: [Synth 8-7129] Port pmpcfg_i[0][access_type][x] in module sm_addr_mapper is either unconnected or has no load
WARNING: [Synth 8-7129] Port pmpcfg_i[0][access_type][w] in module sm_addr_mapper is either unconnected or has no load
WARNING: [Synth 8-7129] Port pmpcfg_i[0][access_type][r] in module sm_addr_mapper is either unconnected or has no load
WARNING: [Synth 8-7129] Port pmpcfg_i[7][locked] in module epmp is either unconnected or has no load
WARNING: [Synth 8-7129] Port pmpcfg_i[7][reserved] in module epmp is either unconnected or has no load
WARNING: [Synth 8-7129] Port pmpcfg_i[7][access_type][x] in module epmp is either unconnected or has no load
WARNING: [Synth 8-7129] Port pmpcfg_i[7][access_type][w] in module epmp is either unconnected or has no load
WARNING: [Synth 8-7129] Port pmpcfg_i[7][access_type][r] in module epmp is either unconnected or has no load
WARNING: [Synth 8-7129] Port pmpcfg_i[6][locked] in module epmp is either unconnected or has no load
WARNING: [Synth 8-7129] Port pmpcfg_i[6][reserved] in module epmp is either unconnected or has no load
WARNING: [Synth 8-7129] Port pmpcfg_i[6][access_type][x] in module epmp is either unconnected or has no load
WARNING: [Synth 8-7129] Port pmpcfg_i[6][access_type][w] in module epmp is either unconnected or has no load
WARNING: [Synth 8-7129] Port pmpcfg_i[6][access_type][r] in module epmp is either unconnected or has no load
WARNING: [Synth 8-7129] Port pmpcfg_i[5][locked] in module epmp is either unconnected or has no load
WARNING: [Synth 8-7129] Port pmpcfg_i[5][reserved] in module epmp is either unconnected or has no load
WARNING: [Synth 8-7129] Port pmpcfg_i[5][access_type][x] in module epmp is either unconnected or has no load
WARNING: [Synth 8-7129] Port pmpcfg_i[5][access_type][w] in module epmp is either unconnected or has no load
WARNING: [Synth 8-7129] Port pmpcfg_i[5][access_type][r] in module epmp is either unconnected or has no load
WARNING: [Synth 8-7129] Port pmpcfg_i[4][locked] in module epmp is either unconnected or has no load
WARNING: [Synth 8-7129] Port pmpcfg_i[4][reserved] in module epmp is either unconnected or has no load
WARNING: [Synth 8-7129] Port pmpcfg_i[4][access_type][x] in module epmp is either unconnected or has no load
WARNING: [Synth 8-7129] Port pmpcfg_i[4][access_type][w] in module epmp is either unconnected or has no load
WARNING: [Synth 8-7129] Port pmpcfg_i[4][access_type][r] in module epmp is either unconnected or has no load
WARNING: [Synth 8-7129] Port pmpcfg_i[3][locked] in module epmp is either unconnected or has no load
WARNING: [Synth 8-7129] Port pmpcfg_i[3][reserved] in module epmp is either unconnected or has no load
WARNING: [Synth 8-7129] Port pmpcfg_i[3][access_type][x] in module epmp is either unconnected or has no load
WARNING: [Synth 8-7129] Port pmpcfg_i[3][access_type][w] in module epmp is either unconnected or has no load
WARNING: [Synth 8-7129] Port pmpcfg_i[3][access_type][r] in module epmp is either unconnected or has no load
WARNING: [Synth 8-7129] Port pmpcfg_i[2][locked] in module epmp is either unconnected or has no load
WARNING: [Synth 8-7129] Port pmpcfg_i[2][reserved] in module epmp is either unconnected or has no load
WARNING: [Synth 8-7129] Port pmpcfg_i[2][access_type][x] in module epmp is either unconnected or has no load
WARNING: [Synth 8-7129] Port pmpcfg_i[2][access_type][w] in module epmp is either unconnected or has no load
WARNING: [Synth 8-7129] Port pmpcfg_i[2][access_type][r] in module epmp is either unconnected or has no load
WARNING: [Synth 8-7129] Port pmpcfg_i[1][locked] in module epmp is either unconnected or has no load
WARNING: [Synth 8-7129] Port pmpcfg_i[1][reserved] in module epmp is either unconnected or has no load
WARNING: [Synth 8-7129] Port pmpcfg_i[1][access_type][x] in module epmp is either unconnected or has no load
WARNING: [Synth 8-7129] Port pmpcfg_i[1][access_type][w] in module epmp is either unconnected or has no load
WARNING: [Synth 8-7129] Port pmpcfg_i[1][access_type][r] in module epmp is either unconnected or has no load
WARNING: [Synth 8-7129] Port pmpcfg_i[0][locked] in module epmp is either unconnected or has no load
WARNING: [Synth 8-7129] Port pmpcfg_i[0][reserved] in module epmp is either unconnected or has no load
WARNING: [Synth 8-7129] Port pmpcfg_i[0][access_type][x] in module epmp is either unconnected or has no load
WARNING: [Synth 8-7129] Port pmpcfg_i[0][access_type][w] in module epmp is either unconnected or has no load
WARNING: [Synth 8-7129] Port pmpcfg_i[0][access_type][r] in module epmp is either unconnected or has no load
WARNING: [Synth 8-7129] Port ctl_a_req_i[param][2] in module secure_memory_controller is either unconnected or has no load
WARNING: [Synth 8-7129] Port ctl_a_req_i[param][1] in module secure_memory_controller is either unconnected or has no load
WARNING: [Synth 8-7129] Port ctl_a_req_i[param][0] in module secure_memory_controller is either unconnected or has no load
WARNING: [Synth 8-7129] Port ctl_a_req_i[address][33] in module secure_memory_controller is either unconnected or has no load
WARNING: [Synth 8-7129] Port ctl_a_req_i[address][32] in module secure_memory_controller is either unconnected or has no load
WARNING: [Synth 8-7129] Port ctl_a_req_i[address][31] in module secure_memory_controller is either unconnected or has no load
WARNING: [Synth 8-7129] Port ctl_a_req_i[address][30] in module secure_memory_controller is either unconnected or has no load
WARNING: [Synth 8-7129] Port ctl_a_req_i[address][29] in module secure_memory_controller is either unconnected or has no load
WARNING: [Synth 8-7129] Port ctl_a_req_i[address][28] in module secure_memory_controller is either unconnected or has no load
WARNING: [Synth 8-7129] Port ctl_a_req_i[address][27] in module secure_memory_controller is either unconnected or has no load
WARNING: [Synth 8-7129] Port ctl_a_req_i[address][26] in module secure_memory_controller is either unconnected or has no load
WARNING: [Synth 8-7129] Port ctl_a_req_i[address][25] in module secure_memory_controller is either unconnected or has no load
INFO: [Common 17-14] Message 'Synth 8-7129' appears 100 times and further instances of the messages will be disabled. Use the Tcl command set_msg_config to change the current settings.
---------------------------------------------------------------------------------
Finished Synthesize : Time (s): cpu = 00:00:04 ; elapsed = 00:00:05 . Memory (MB): peak = 2105.688 ; gain = 587.770 ; free physical = 44260 ; free virtual = 59886
---------------------------------------------------------------------------------
---------------------------------------------------------------------------------
Finished Constraint Validation : Time (s): cpu = 00:00:05 ; elapsed = 00:00:05 . Memory (MB): peak = 2105.688 ; gain = 587.770 ; free physical = 44260 ; free virtual = 59886
---------------------------------------------------------------------------------
---------------------------------------------------------------------------------
Start Loading Part and Timing Information
---------------------------------------------------------------------------------
Loading part: xc7z020clg400-1
INFO: [Device 21-403] Loading part xc7z020clg400-1
---------------------------------------------------------------------------------
Finished Loading Part and Timing Information : Time (s): cpu = 00:00:05 ; elapsed = 00:00:05 . Memory (MB): peak = 2113.691 ; gain = 595.773 ; free physical = 44260 ; free virtual = 59886
---------------------------------------------------------------------------------
INFO: [Synth 8-802] inferred FSM for state register 'enc_ctrl_reg_reg' in module 'aes_encipher_block'
INFO: [Synth 8-802] inferred FSM for state register 'dec_ctrl_reg_reg' in module 'aes_decipher_block'
INFO: [Synth 8-802] inferred FSM for state register 'key_mem_ctrl_reg_reg' in module 'aes_key_mem'
INFO: [Synth 8-802] inferred FSM for state register 'aes_core_ctrl_reg_reg' in module 'aes_core'
INFO: [Synth 8-802] inferred FSM for state register 'state_q_reg' in module 'aes_ctr_nx128'
INFO: [Synth 8-802] inferred FSM for state register 'state_q_reg' in module 'memory_encryption_unit'
---------------------------------------------------------------------------------------------------
                   State |                     New Encoding |                Previous Encoding 
---------------------------------------------------------------------------------------------------
               CTRL_IDLE |                               00 |                               00
               CTRL_INIT |                               01 |                               01
               CTRL_SBOX |                               10 |                               10
               CTRL_MAIN |                               11 |                               11
---------------------------------------------------------------------------------------------------
INFO: [Synth 8-3354] encoded FSM with state register 'enc_ctrl_reg_reg' using encoding 'sequential' in module 'aes_encipher_block'
---------------------------------------------------------------------------------------------------
                   State |                     New Encoding |                Previous Encoding 
---------------------------------------------------------------------------------------------------
               CTRL_IDLE |                               00 |                               00
               CTRL_INIT |                               01 |                               01
               CTRL_SBOX |                               10 |                               10
               CTRL_MAIN |                               11 |                               11
---------------------------------------------------------------------------------------------------
INFO: [Synth 8-3354] encoded FSM with state register 'dec_ctrl_reg_reg' using encoding 'sequential' in module 'aes_decipher_block'
---------------------------------------------------------------------------------------------------
                   State |                     New Encoding |                Previous Encoding 
---------------------------------------------------------------------------------------------------
               CTRL_IDLE |                             0001 |                              000
               CTRL_INIT |                             0010 |                              001
           CTRL_GENERATE |                             0100 |                              010
               CTRL_DONE |                             1000 |                              011
---------------------------------------------------------------------------------------------------
INFO: [Synth 8-3354] encoded FSM with state register 'key_mem_ctrl_reg_reg' using encoding 'one-hot' in module 'aes_key_mem'
---------------------------------------------------------------------------------------------------
                   State |                     New Encoding |                Previous Encoding 
---------------------------------------------------------------------------------------------------
               CTRL_IDLE |                               00 |                               00
               CTRL_INIT |                               01 |                               01
               CTRL_NEXT |                               10 |                               10
---------------------------------------------------------------------------------------------------
INFO: [Synth 8-3354] encoded FSM with state register 'aes_core_ctrl_reg_reg' using encoding 'sequential' in module 'aes_core'
---------------------------------------------------------------------------------------------------
                   State |                     New Encoding |                Previous Encoding 
---------------------------------------------------------------------------------------------------
          AES_INIT_START |                               00 |                               00
           AES_INIT_WAIT |                               01 |                               01
               AES_READY |                               10 |                               10
                AES_BUSY |                               11 |                               11
---------------------------------------------------------------------------------------------------
INFO: [Synth 8-3354] encoded FSM with state register 'state_q_reg' using encoding 'sequential' in module 'aes_ctr_nx128'
---------------------------------------------------------------------------------------------------
                   State |                     New Encoding |                Previous Encoding 
---------------------------------------------------------------------------------------------------
                MEU_IDLE |                     000000000001 |                             0000
           MEU_AES_START |                     000000000010 |                             0001
            MEU_AES_WAIT |                     000000000100 |                             0010
        MEU_GET_SEND_MEM |                     000000001000 |                             0011
        MEU_GET_WAIT_MEM |                     000000010000 |                             0100
         MEU_GET_RESPOND |                     000000100000 |                             0101
        MEU_PUT_SEND_MEM |                     000001000000 |                             0110
        MEU_PUT_WAIT_ACK |                     000010000000 |                             0111
         MEU_PUT_RESPOND |                     000100000000 |                             1000
       MEU_PASS_SEND_MEM |                     001000000000 |                             1001
      MEU_PASS_WAIT_RESP |                     010000000000 |                             1010
        MEU_PASS_RESPOND |                     100000000000 |                             1011
---------------------------------------------------------------------------------------------------
INFO: [Synth 8-3354] encoded FSM with state register 'state_q_reg' using encoding 'one-hot' in module 'memory_encryption_unit'
---------------------------------------------------------------------------------
Finished RTL Optimization Phase 2 : Time (s): cpu = 00:00:09 ; elapsed = 00:00:08 . Memory (MB): peak = 2176.309 ; gain = 658.391 ; free physical = 44241 ; free virtual = 59869
---------------------------------------------------------------------------------
No constraint files found.
---------------------------------------------------------------------------------
Start RTL Component Statistics 
---------------------------------------------------------------------------------
Detailed RTL Component Info : 
+---Adders : 
	   2 Input   32 Bit       Adders := 4     
	   2 Input    8 Bit       Adders := 1     
	   2 Input    7 Bit       Adders := 32    
	   2 Input    6 Bit       Adders := 1     
	   2 Input    4 Bit       Adders := 16    
	   2 Input    3 Bit       Adders := 4     
	   2 Input    2 Bit       Adders := 8     
+---XORs : 
	   2 Input    512 Bit         XORs := 2     
	   2 Input    128 Bit         XORs := 20    
	   2 Input     32 Bit         XORs := 56    
	   3 Input     32 Bit         XORs := 8     
	   4 Input     32 Bit         XORs := 4     
	   2 Input      8 Bit         XORs := 364   
	   4 Input      8 Bit         XORs := 48    
	   5 Input      8 Bit         XORs := 16    
	   8 Input      8 Bit         XORs := 32    
	   9 Input      8 Bit         XORs := 32    
+---Registers : 
	              512 Bit    Registers := 8     
	              128 Bit    Registers := 68    
	               64 Bit    Registers := 4     
	               54 Bit    Registers := 9     
	               34 Bit    Registers := 3     
	               32 Bit    Registers := 32    
	               10 Bit    Registers := 6     
	                8 Bit    Registers := 4     
	                4 Bit    Registers := 16    
	                3 Bit    Registers := 22    
	                2 Bit    Registers := 17    
	                1 Bit    Registers := 80    
+---Muxes : 
	   2 Input  512 Bit        Muxes := 16    
	  12 Input  512 Bit        Muxes := 4     
	   2 Input  128 Bit        Muxes := 48    
	   2 Input   64 Bit        Muxes := 19    
	  12 Input   64 Bit        Muxes := 1     
	   4 Input   56 Bit        Muxes := 64    
	   2 Input   34 Bit        Muxes := 7     
	  12 Input   34 Bit        Muxes := 1     
	   4 Input   32 Bit        Muxes := 8     
	   5 Input   32 Bit        Muxes := 8     
	   2 Input   32 Bit        Muxes := 24    
	  12 Input   12 Bit        Muxes := 1     
	   2 Input   12 Bit        Muxes := 3     
	   2 Input   10 Bit        Muxes := 14    
	  12 Input   10 Bit        Muxes := 2     
	   3 Input    8 Bit        Muxes := 4     
	   2 Input    8 Bit        Muxes := 3     
	   2 Input    7 Bit        Muxes := 16    
	   2 Input    6 Bit        Muxes := 16    
	   2 Input    5 Bit        Muxes := 16    
	   2 Input    4 Bit        Muxes := 46    
	   3 Input    4 Bit        Muxes := 4     
	   4 Input    4 Bit        Muxes := 4     
	   5 Input    3 Bit        Muxes := 16    
	   2 Input    3 Bit        Muxes := 58    
	   4 Input    3 Bit        Muxes := 8     
	  12 Input    3 Bit        Muxes := 6     
	   3 Input    2 Bit        Muxes := 20    
	   2 Input    2 Bit        Muxes := 102   
	   4 Input    2 Bit        Muxes := 9     
	   2 Input    1 Bit        Muxes := 276   
	   4 Input    1 Bit        Muxes := 76    
	   8 Input    1 Bit        Muxes := 32    
	   3 Input    1 Bit        Muxes := 24    
	  12 Input    1 Bit        Muxes := 13    
---------------------------------------------------------------------------------
Finished RTL Component Statistics 
---------------------------------------------------------------------------------
---------------------------------------------------------------------------------
Start Part Resource Summary
---------------------------------------------------------------------------------
Part Resources:
DSPs: 220 (col length:60)
BRAMs: 280 (col length: RAMB18 60 RAMB36 30)
---------------------------------------------------------------------------------
Finished Part Resource Summary
---------------------------------------------------------------------------------
No constraint files found.
---------------------------------------------------------------------------------
Start Cross Boundary and Area Optimization
---------------------------------------------------------------------------------
WARNING: [Synth 8-7080] Parallel synthesis criteria is not met
WARNING: [Synth 8-3917] design MemoryControllerWrapperTL has port auto_ctl_in_d_bits_opcode[2] driven by constant 0
WARNING: [Synth 8-3917] design MemoryControllerWrapperTL has port auto_ctl_in_d_bits_opcode[1] driven by constant 0
WARNING: [Synth 8-3917] design MemoryControllerWrapperTL has port auto_ctl_in_d_bits_param[2] driven by constant 0
WARNING: [Synth 8-3917] design MemoryControllerWrapperTL has port auto_ctl_in_d_bits_param[1] driven by constant 0
WARNING: [Synth 8-3917] design MemoryControllerWrapperTL has port auto_ctl_in_d_bits_param[0] driven by constant 0
WARNING: [Synth 8-3917] design MemoryControllerWrapperTL has port auto_ctl_in_d_bits_denied driven by constant 0
WARNING: [Synth 8-3917] design MemoryControllerWrapperTL has port auto_ctl_in_d_bits_corrupt driven by constant 0
WARNING: [Synth 8-3332] Sequential element (dec_block/FSM_sequential_dec_ctrl_reg_reg[1]) is unused and will be removed from module aes_core.
WARNING: [Synth 8-3332] Sequential element (dec_block/FSM_sequential_dec_ctrl_reg_reg[0]) is unused and will be removed from module aes_core.
---------------------------------------------------------------------------------
Finished Cross Boundary and Area Optimization : Time (s): cpu = 00:01:04 ; elapsed = 00:01:03 . Memory (MB): peak = 2738.285 ; gain = 1220.367 ; free physical = 43767 ; free virtual = 59420
---------------------------------------------------------------------------------
---------------------------------------------------------------------------------
Start ROM, RAM, DSP, Shift Register and Retiming Reporting
---------------------------------------------------------------------------------

ROM: Preliminary Mapping Report
+-------------+----------------+---------------+----------------+
|Module Name  | RTL Object     | Depth x Width | Implemented As | 
+-------------+----------------+---------------+----------------+
|aes_inv_sbox | inv_sbox       | 256x8         | LUT            | 
|aes_inv_sbox | inv_sbox       | 256x8         | LUT            | 
|aes_inv_sbox | inv_sbox       | 256x8         | LUT            | 
|aes_inv_sbox | inv_sbox       | 256x8         | LUT            | 
|aes_sbox     | sbox           | 256x8         | LUT            | 
|aes_sbox     | sbox           | 256x8         | LUT            | 
|aes_sbox     | sbox           | 256x8         | LUT            | 
|aes_sbox     | sbox           | 256x8         | LUT            | 
|aes_inv_sbox | inv_sbox       | 256x8         | LUT            | 
|aes_inv_sbox | inv_sbox       | 256x8         | LUT            | 
|aes_inv_sbox | inv_sbox       | 256x8         | LUT            | 
|aes_inv_sbox | inv_sbox       | 256x8         | LUT            | 
|aes_core     | sbox_inst/sbox | 256x8         | LUT            | 
|aes_core     | sbox_inst/sbox | 256x8         | LUT            | 
|aes_core     | sbox_inst/sbox | 256x8         | LUT            | 
|aes_core     | sbox_inst/sbox | 256x8         | LUT            | 
+-------------+----------------+---------------+----------------+

---------------------------------------------------------------------------------
Finished ROM, RAM, DSP, Shift Register and Retiming Reporting
---------------------------------------------------------------------------------
No constraint files found.
---------------------------------------------------------------------------------
Start Timing Optimization
---------------------------------------------------------------------------------
---------------------------------------------------------------------------------
Finished Timing Optimization : Time (s): cpu = 00:01:05 ; elapsed = 00:01:04 . Memory (MB): peak = 2738.285 ; gain = 1220.367 ; free physical = 43766 ; free virtual = 59418
---------------------------------------------------------------------------------
---------------------------------------------------------------------------------
Start Technology Mapping
---------------------------------------------------------------------------------
---------------------------------------------------------------------------------
Finished Technology Mapping : Time (s): cpu = 00:01:07 ; elapsed = 00:01:07 . Memory (MB): peak = 2738.285 ; gain = 1220.367 ; free physical = 43759 ; free virtual = 59410
---------------------------------------------------------------------------------
---------------------------------------------------------------------------------
Start IO Insertion
---------------------------------------------------------------------------------
---------------------------------------------------------------------------------
Start Flattening Before IO Insertion
---------------------------------------------------------------------------------
---------------------------------------------------------------------------------
Finished Flattening Before IO Insertion
---------------------------------------------------------------------------------
---------------------------------------------------------------------------------
Start Final Netlist Cleanup
---------------------------------------------------------------------------------
---------------------------------------------------------------------------------
Finished Final Netlist Cleanup
---------------------------------------------------------------------------------
---------------------------------------------------------------------------------
Finished IO Insertion : Time (s): cpu = 00:01:10 ; elapsed = 00:01:09 . Memory (MB): peak = 2738.285 ; gain = 1220.367 ; free physical = 43763 ; free virtual = 59414
---------------------------------------------------------------------------------
---------------------------------------------------------------------------------
Start Renaming Generated Instances
---------------------------------------------------------------------------------
---------------------------------------------------------------------------------
Finished Renaming Generated Instances : Time (s): cpu = 00:01:10 ; elapsed = 00:01:09 . Memory (MB): peak = 2738.285 ; gain = 1220.367 ; free physical = 43761 ; free virtual = 59413
---------------------------------------------------------------------------------
---------------------------------------------------------------------------------
Start Rebuilding User Hierarchy
---------------------------------------------------------------------------------
---------------------------------------------------------------------------------
Finished Rebuilding User Hierarchy : Time (s): cpu = 00:01:11 ; elapsed = 00:01:10 . Memory (MB): peak = 2738.285 ; gain = 1220.367 ; free physical = 43761 ; free virtual = 59413
---------------------------------------------------------------------------------
---------------------------------------------------------------------------------
Start Renaming Generated Ports
---------------------------------------------------------------------------------
---------------------------------------------------------------------------------
Finished Renaming Generated Ports : Time (s): cpu = 00:01:11 ; elapsed = 00:01:10 . Memory (MB): peak = 2738.285 ; gain = 1220.367 ; free physical = 43761 ; free virtual = 59413
---------------------------------------------------------------------------------
---------------------------------------------------------------------------------
Start Handling Custom Attributes
---------------------------------------------------------------------------------
---------------------------------------------------------------------------------
Finished Handling Custom Attributes : Time (s): cpu = 00:01:12 ; elapsed = 00:01:11 . Memory (MB): peak = 2738.285 ; gain = 1220.367 ; free physical = 43760 ; free virtual = 59411
---------------------------------------------------------------------------------
---------------------------------------------------------------------------------
Start Renaming Generated Nets
---------------------------------------------------------------------------------
---------------------------------------------------------------------------------
Finished Renaming Generated Nets : Time (s): cpu = 00:01:12 ; elapsed = 00:01:11 . Memory (MB): peak = 2738.285 ; gain = 1220.367 ; free physical = 43760 ; free virtual = 59411
---------------------------------------------------------------------------------
---------------------------------------------------------------------------------
Start Writing Synthesis Report
---------------------------------------------------------------------------------

Report BlackBoxes: 
+-+--------------+----------+
| |BlackBox name |Instances |
+-+--------------+----------+
+-+--------------+----------+

Report Cell Usage: 
+------+-------+------+
|      |Cell   |Count |
+------+-------+------+
|1     |BUFG   |     1|
|2     |CARRY4 |   150|
|3     |LUT1   |     1|
|4     |LUT2   |  1752|
|5     |LUT3   |  1875|
|6     |LUT4   |  1354|
|7     |LUT5   |  2018|
|8     |LUT6   |  5772|
|9     |MUXF7  |    33|
|10    |FDCE   | 13409|
|11    |FDPE   |    22|
|12    |IBUF   |   299|
|13    |OBUF   |   298|
+------+-------+------+

Report Instance Areas: 
+------+----------------------------------------+-------------------------+------+
|      |Instance                                |Module                   |Cells |
+------+----------------------------------------+-------------------------+------+
|1     |top                                     |                         | 26984|
|2     |  secure_memory_controller_i            |secure_memory_controller | 26213|
|3     |    csr_reg_file_i                      |csr_regfile              |  2673|
|4     |    epmp_i                              |epmp                     |    24|
|5     |      \gen_pmp.genblk1[0].i_epmp_entry  |epmp_entry               |     3|
|6     |      \gen_pmp.genblk1[1].i_epmp_entry  |epmp_entry_12            |     3|
|7     |      \gen_pmp.genblk1[2].i_epmp_entry  |epmp_entry_13            |     3|
|8     |      \gen_pmp.genblk1[3].i_epmp_entry  |epmp_entry_14            |     3|
|9     |      \gen_pmp.genblk1[4].i_epmp_entry  |epmp_entry_15            |     3|
|10    |      \gen_pmp.genblk1[5].i_epmp_entry  |epmp_entry_16            |     3|
|11    |      \gen_pmp.genblk1[6].i_epmp_entry  |epmp_entry_17            |     3|
|12    |      \gen_pmp.genblk1[7].i_epmp_entry  |epmp_entry_18            |     3|
|13    |    meu_i                               |memory_encryption_unit   | 23516|
|14    |      aes_ctr_i                         |aes_ctr_nx128            | 15746|
|15    |        \gen_aes_core[0].u_aes_core     |aes_core                 |  3924|
|16    |          enc_block                     |aes_encipher_block_9     |   378|
|17    |          keymem                        |aes_key_mem_10           |  2888|
|18    |          sbox_inst                     |aes_sbox_11              |    40|
|19    |        \gen_aes_core[1].u_aes_core     |aes_core_0               |  3926|
|20    |          enc_block                     |aes_encipher_block_6     |   378|
|21    |          keymem                        |aes_key_mem_7            |  2888|
|22    |          sbox_inst                     |aes_sbox_8               |    40|
|23    |        \gen_aes_core[2].u_aes_core     |aes_core_1               |  3933|
|24    |          enc_block                     |aes_encipher_block_3     |   380|
|25    |          keymem                        |aes_key_mem_4            |  2888|
|26    |          sbox_inst                     |aes_sbox_5               |    40|
|27    |        \gen_aes_core[3].u_aes_core     |aes_core_2               |  3924|
|28    |          enc_block                     |aes_encipher_block       |   376|
|29    |          keymem                        |aes_key_mem              |  2888|
|30    |          sbox_inst                     |aes_sbox                 |    40|
|31    |      ztl_fragmenter_i                  |ztl_fragmenter           |  3193|
|32    |      ztlassembler_i                    |ztlassembler             |  2869|
+------+----------------------------------------+-------------------------+------+
---------------------------------------------------------------------------------
Finished Writing Synthesis Report : Time (s): cpu = 00:01:12 ; elapsed = 00:01:11 . Memory (MB): peak = 2738.285 ; gain = 1220.367 ; free physical = 43760 ; free virtual = 59411
---------------------------------------------------------------------------------
Synthesis finished with 0 errors, 0 critical warnings and 164 warnings.
Synthesis Optimization Runtime : Time (s): cpu = 00:01:12 ; elapsed = 00:01:11 . Memory (MB): peak = 2738.285 ; gain = 1220.367 ; free physical = 43760 ; free virtual = 59411
Synthesis Optimization Complete : Time (s): cpu = 00:01:12 ; elapsed = 00:01:11 . Memory (MB): peak = 2738.293 ; gain = 1220.367 ; free physical = 43760 ; free virtual = 59411
INFO: [Project 1-571] Translating synthesized netlist
Netlist sorting complete. Time (s): cpu = 00:00:00.12 ; elapsed = 00:00:00.11 . Memory (MB): peak = 2738.293 ; gain = 0.000 ; free physical = 44036 ; free virtual = 59689
INFO: [Netlist 29-17] Analyzing 183 Unisim elements for replacement
INFO: [Netlist 29-28] Unisim Transformation completed in 0 CPU seconds
INFO: [Project 1-570] Preparing netlist for logic optimization
INFO: [Opt 31-138] Pushed 0 inverter(s) to 0 load pin(s).
Netlist sorting complete. Time (s): cpu = 00:00:00 ; elapsed = 00:00:00 . Memory (MB): peak = 2800.250 ; gain = 0.000 ; free physical = 44039 ; free virtual = 59691
INFO: [Project 1-111] Unisim Transformation Summary:
No Unisim elements were transformed.

Synth Design complete | Checksum: 11b47b01
INFO: [Common 17-83] Releasing license: Synthesis
72 Infos, 111 Warnings, 0 Critical Warnings and 0 Errors encountered.
synth_design completed successfully
synth_design: Time (s): cpu = 00:01:18 ; elapsed = 00:01:15 . Memory (MB): peak = 2800.250 ; gain = 1294.207 ; free physical = 44039 ; free virtual = 59691
INFO: [Common 17-2834] synth_design peak Physical Memory [PSS] (MB): overall = 2165.238; main = 1960.688; forked = 243.279
INFO: [Common 17-2834] synth_design peak Virtual Memory [VSS] (MB): overall = 3655.336; main = 2800.254; forked = 917.047
Write ShapeDB Complete: Time (s): cpu = 00:00:00.04 ; elapsed = 00:00:00.02 . Memory (MB): peak = 2824.262 ; gain = 0.000 ; free physical = 44039 ; free virtual = 59692
INFO: [Common 17-1381] The checkpoint '/home/ian/amdFPGA/projects/secure_mem_riscv_ian/vivado_projects/fixed_encryption_tilelink/fixed_encryption_tilelink.runs/synth_1/MemoryControllerWrapperTL.dcp' has been generated.
INFO: [Vivado 12-24828] Executing command : report_utilization -file MemoryControllerWrapperTL_utilization_synth.rpt -pb MemoryControllerWrapperTL_utilization_synth.pb
INFO: [Common 17-206] Exiting Vivado at Mon Apr 27 10:55:54 2026...
